real_sigma_u,real_a,real_b,real_beta,inferred_sigma_u,inferred_a,inferred_b,inferred_beta
-0.7713856928464233,1.0355177588794393,1.8819409704852426,1.0075037518759378,-0.8254436,-1.236148,0.8745841,0.85623443
-1.885942971485743,-0.0030015007503754187,-1.3536768384192097,2.299649824912456,-1.1186978,-1.9301608,1.1323112,2.2465634
-1.0895447723861933,-1.0335167583791898,0.8874437218609303,1.1560780390195098,-1.1804578,-1.1197644,1.1888154,1.0907884
-0.33316658329164595,1.1335667833916956,-0.11105552776388206,0.3501750875437719,-0.40201616,-0.58227426,0.5633075,-0.3314672
-0.005002501250625402,-1.6018009004502252,-1.599799899949975,-0.7078539269634818,-0.07834036,-0.28406736,0.050377168,-1.1828198
-1.8339169584792396,0.061030515257628704,-0.2811405702851426,-0.9712356178089045,-0.74806446,-0.7676957,0.19672306,-1.1905335
-0.9494747373686845,1.3616808404202096,1.0615307653826913,0.7756378189094546,-0.7444921,-0.87443024,0.6609454,0.6682006
0.23911955977988963,0.6453226613306651,1.939969984992496,-1.6848424212106052,-0.18527484,-0.521866,0.26341048,-1.2865926
-1.8519259629814908,1.7278639319659828,-1.757878939469735,0.7441220610305153,-1.1008345,-1.6812344,1.195487,0.74135923
0.46123061530765375,-0.6193096548274137,-0.9074537268634317,-0.01225612806403209,0.7864248,-0.22244197,-0.63338566,-0.55962974
-1.2576288144072036,1.7218609304652324,0.7193596798399198,-1.3696848424212107,-0.55238444,-0.5543391,0.18417108,-1.411668
-1.757878939469735,0.09104552276138067,1.1435717858929464,-1.6105552776388194,-0.5719067,-0.6982981,0.45763975,-1.5380393
-1.2596298149074538,0.2811405702851424,-1.6038019009504754,1.7503751875937965,-0.88994193,-1.6881729,0.99924034,1.7574273
0.6033016508254123,1.139569784892446,-1.3816908454227113,-1.4417208604302152,0.4968448,0.11131598,-0.6863757,-1.37288
-0.33516758379189615,-1.9479739869934967,0.7133566783391694,2.479739869934967,-0.43528682,-1.8348438,0.55127066,2.4847748
-1.1415707853926964,0.8274137068534264,1.7098549274637316,1.9462231115557778,-0.94270575,-1.2461612,0.52010614,1.9249858
1.5217608804402198,-0.8114057028514259,1.0995497748874437,1.3114057028514257,1.6031051,-0.7650427,1.2050239,1.2394943
-0.20110055027513773,-1.8939469734867433,1.36568284142071,-0.8361680840420211,-0.4176073,-0.68441564,0.32029897,-1.0501994
0.3311655827913955,1.7618809404702347,1.0315157578789393,0.06653326663331649,0.33348876,0.9340267,-0.3518813,0.03424158
0.8014007003501749,-1.7198599299649824,1.2636318159079538,2.0070035017508756,0.82475,-1.7196136,1.2588096,2.0699685
1.6618309154577284,0.04302151075537752,-1.2056028014007003,-1.2031015507753877,1.3092494,0.59377545,-0.8911968,-1.0989797
-0.7473736868434218,-1.0355177588794398,0.6173086543271635,-1.5407703851925962,-0.5887637,-0.39876622,0.2265426,-1.3460373
-1.7538769384692348,-1.6738369184592297,-1.1235617808904452,1.833666833416708,-1.3493036,-1.2970147,1.0221176,1.8352114
-0.3691845922961481,1.9459729864932465,1.5317658829414706,0.2803901950975485,-0.34374148,-0.4693763,0.002738259,0.067409515
-0.5012506253126565,0.4412206103051526,-1.5177588794397199,-1.8581790895447723,-0.18330215,-0.41956317,-0.09618613,-1.3070406
0.707353676838419,1.0715357678839417,-0.07303651825912971,0.6833416708354174,0.81574684,0.87687945,-0.35867807,0.5394875
-0.03901950975487756,-0.48524262131065554,0.6293146573286643,-0.4174587293646823,-0.049480837,-0.56190586,0.07393587,-1.1507559
1.7778889444722359,1.9459729864932465,-1.7978989494747375,0.6023011505752875,1.8914632,0.80495334,-1.054516,0.6562334
1.2036018009004499,-1.901950975487744,0.09704852426213106,-1.5520260130065033,0.8890181,-0.5571972,0.24147734,-1.395324
1.573786893446723,-1.2196098049024513,-0.8814407203601802,-0.1383191595797899,1.6241664,0.26354828,-0.7505875,-0.19893384
0.421210605302651,0.7973986993496744,0.8734367183591796,2.013756878439219,0.43857944,0.72878915,0.86481774,1.9784662
-0.8974487243621811,0.8654327163581788,-1.4837418709354677,0.478489244622311,-0.5453635,-1.220905,0.12398354,0.44418785
0.8434217108554276,1.4417208604302147,-1.0795397698849425,-0.5165082541270636,1.2635014,0.62328327,-0.8169608,-0.881783
-1.5237618809404703,1.765882941470735,0.7113556778389194,-1.0185092546273138,-0.81050473,-0.35986954,0.23416945,-1.3965037
-0.17508754377188618,1.5477738869434714,-1.393696848424212,0.9242121060530262,-0.072128244,-1.0850588,-1.5459467,0.802188
-1.2656328164082042,0.18109054527263613,-1.5617808904452226,0.4897448724362179,-1.1889011,-0.8259676,0.8370732,0.453087
-1.7058529264632316,1.8079039519759879,0.4712356178089041,-0.14057028514257142,-0.638739,-0.98913425,0.7150822,-0.23660749
1.0435217608804401,-1.055527763881941,1.6738369184592292,0.627063531765883,1.1396614,-1.1005883,1.8258932,0.5985259
-0.9494747373686845,1.5497748874437218,-1.5317658829414706,1.0187593796898446,-0.8440276,-0.95045656,0.2795334,0.8869079
0.821410705352676,1.5177588794397194,-0.7473736868434218,0.2803901950975485,0.9393519,0.7530719,-0.7617779,0.18137045
1.5437718859429714,-0.8714357178589296,1.2056028014007003,2.3266633316658325,1.3721375,-0.76090306,0.9963559,2.339048
1.027513756878439,0.5832916458229112,1.1555777888944472,2.121810905452726,1.0705318,0.51328444,1.1608578,2.074372
-0.021010505252626377,-0.38119059529764887,0.4952476238119057,0.37943971985992997,0.03753511,-0.4474105,0.6909999,0.115070224
-1.4937468734367183,1.7578789394697347,0.9114557278639319,-0.05727863931965982,-0.9176513,-1.0618027,0.6233371,-0.09458174
1.2036018009004499,-1.901950975487744,0.09704852426213106,-1.5520260130065033,0.62674224,-0.012689514,-0.09382561,-1.4160693
1.3016508254127062,1.0955477738869432,-0.10305152576288168,-0.363431715857929,1.6092515,0.21952438,-0.2307521,-0.5845489
1.9759879939969984,-0.3071535767883944,-0.06503251625812911,-0.9172086043021512,1.474586,0.07562426,-0.68926466,-0.80993813
0.9474737368684338,0.5152576288144068,-1.8919459729864934,-0.07753876938469251,1.2196592,0.4125301,-0.93357646,-0.4932038
-0.31515757878939477,0.8414207103551772,0.8114057028514257,1.7166083041520759,-0.29585028,0.3316986,0.3825069,1.7577884
0.4292146073036518,0.19309654827413691,1.5517758879439718,-0.1518259129564783,0.7125103,-0.08805171,1.4631158,-0.37576503
1.393696848424212,1.4517258629314655,1.7418709354677335,0.04852426213106531,1.3385313,0.9276908,1.351981,0.06770179
-1.9579789894947475,0.5592796398199096,0.4292146073036518,-1.7141070535267633,-0.27213377,-0.27007875,0.099417634,-1.7080996
1.3576788394197097,1.7018509254627312,1.8359179589794894,-0.5120060030015008,1.2971998,0.43596318,0.6835032,-0.5603492
0.8054027013506753,1.3916958479239616,0.5352676338169085,0.6090545272636319,0.9017387,1.5270342,0.92871684,0.48923963
-0.1610805402701352,1.0615307653826913,0.30115057528764355,1.5185092546273133,-0.11682809,0.18128724,-0.13960722,1.4911238
-1.5117558779389695,-0.4492246123061532,-1.4277138569284644,-0.38819409704852426,-0.93831974,-1.1381664,0.5023396,-0.6397716
-0.03501750875437737,0.8634317158579288,-0.6513256628314159,2.2793896948474233,-0.024833255,0.2452989,-0.909825,2.2856855
-1.3696848424212107,1.765882941470735,1.9379689844922456,-0.25087543771885956,-0.8805317,-0.9436378,0.73382825,-0.3282926
0.6033016508254123,1.139569784892446,-1.3816908454227113,-1.4417208604302152,0.44128853,-0.0036863906,-0.5183756,-1.2399117
1.3776888444222108,1.8699349674837418,-1.917958979489745,-1.3674337168584292,0.99214405,0.15886547,-0.55040973,-1.178865
0.9194597298649323,-0.5952976488244124,-0.9314657328664333,0.7801400700350172,1.037595,-1.0834262,-0.6540761,0.7979523
-1.649824912456228,0.935467733866933,1.2036018009004499,-1.4147073536768384,-0.6385587,-0.510035,0.1228269,-1.3263549
-1.1915957978989495,0.8014007003501749,0.7733866933466733,2.4549774887443716,-0.86005926,-1.3092949,0.5795225,2.4447076
-0.18709354677338674,1.4137068534267132,-0.8394197098549276,1.3901950975487742,-0.03922373,-1.7313865,-1.2210679,1.4237345
-0.051025512756378344,0.7613806903451725,1.603801900950475,1.6175587793896948,-0.06673325,0.5656724,1.2065824,1.5248656
1.5217608804402198,-0.8114057028514259,1.0995497748874437,1.3114057028514257,1.5830238,-0.79305977,1.2009685,1.2873707
1.4497248624312156,-0.06703351675837932,-0.4432216108054028,-1.9797398699349675,0.6557293,0.37566248,-0.482565,-1.4980301
0.6273136568284139,1.9919959979989992,1.2596298149074534,-1.3269134567283642,0.6388082,0.17940444,0.08323987,-1.3714978
-1.1415707853926964,1.189594797398699,-1.7138569284642322,1.4239619809904949,-0.8132511,-1.7911823,0.37933376,1.3805318
1.5617808904452222,0.7533766883441717,-0.4572286143071538,-0.7371185592796399,1.3190575,0.38180122,-1.009814,-0.783876
-1.051525762881441,0.2931465732866432,1.4677338669334663,1.313656828414207,-1.117928,-0.87554574,0.33925912,1.2394085
0.6993496748374186,1.1335667833916956,0.5112556278139069,1.3069034517258626,0.71680295,1.0573876,0.544458,1.2346472
1.7818909454727363,1.4117058529264628,1.7058529264632312,0.47398699349674844,1.7028337,1.2381259,1.2738147,0.4892168
-0.9494747373686845,1.3616808404202096,1.0615307653826913,0.7756378189094546,-0.82882446,-1.1369793,0.6209172,0.5372915
-0.033016508254127164,0.9534767383691842,0.6193096548274135,1.4937468734367183,-0.01554805,0.6636625,0.3098151,1.522178
-1.741870935467734,0.30115057528764355,-1.8599299649824912,-0.5142571285642823,-0.92001426,-1.2114725,0.7623214,-0.70128626
-0.21110555277638832,-1.2236118059029515,0.8834417208604299,1.808904452226113,-0.22085994,-1.192275,0.7929683,1.7872645
1.5617808904452222,-1.825912956478239,-0.7873936968484243,-1.2683841920960481,1.2244445,0.31456587,-0.74554604,-1.3368204
-1.2036018009004503,-0.7753876938469235,-1.2516258129064533,1.9214607303651823,-0.9220078,-1.683169,0.8188692,1.8272264
-0.7853926963481741,-1.9119559779889945,-0.7233616808404204,2.29064532266133,-0.7039884,-1.502758,-0.28929153,2.274123
-0.8574287143571786,1.1355677838919456,-1.5397698849424712,1.4014507253626811,-1.1269853,-0.60502326,0.3344654,1.2353806
0.2111055527763881,1.5017508754377187,-1.7038519259629816,-1.948224112056028,-0.05166534,-0.5190849,-0.08058612,-1.5046253
0.8074037018509252,0.22311155577788888,0.38719359679839904,-1.1918459229614808,1.0638404,-0.08142626,-0.63539386,-1.5186595
-1.6378189094547273,1.489744872436218,0.9894947473736866,-0.3026513256628316,-1.0034784,-0.85909253,0.6102721,-0.41533947
1.7078539269634816,1.4817408704352175,0.6113056528264131,-0.6178089044522261,1.2143514,0.5989642,-0.6823869,-0.80355483
-0.735367683841921,1.8559279639819906,0.2631315657828912,1.5477738869434714,-0.553123,-1.7039075,-0.3318221,1.46044
0.6933466733366682,0.07703851925962946,-0.14107053526763402,0.4177088544272136,0.9274412,0.05010773,-0.039342545,0.10022197
0.45322661330665337,-0.7253626813406704,-1.2576288144072036,-0.8564282141070536,0.4155055,-0.12282003,-0.30475557,-1.4289646
-1.1795897948974488,0.17508754377188573,0.031015507753876737,2.3964482241120555,-0.9096486,-1.133908,0.29384208,2.4052007
-0.03901950975487756,-0.48524262131065554,0.6293146573286643,-0.4174587293646823,-0.07393613,-0.4485325,0.38694,-0.9706495
-1.4277138569284644,-0.47923961980990515,0.5572786393196596,-1.9729864932466232,-0.3108212,-0.5411731,0.2094009,-1.4575704
-1.2396198099049527,-1.1295647823911956,-1.6218109054527263,0.3524262131065532,-0.9910416,-0.988142,0.616077,0.2912733
-0.4992496248124063,-0.48524262131065554,-0.46723361680840436,-0.6200600300150076,-0.89266115,-0.6340091,0.21667896,-1.005662
-1.6718359179589795,-0.06703351675837932,1.1295647823911952,1.2078539269634816,-1.1651702,-1.3118995,1.2347374,1.1962912
-0.10105052526263147,-0.701350675337669,1.0915457728864428,-0.9644822411205602,-0.5360878,-0.38192907,0.23638128,-1.4273646
-1.7158579289644822,0.10105052526263103,-0.11905952976488265,0.6855927963981991,-0.8980757,-1.4166666,1.2594186,0.6931995
-1.8739369684842422,1.799899949974987,0.2651325662831412,-1.0252626313156579,-0.7970183,-1.1583788,0.69816786,-1.0265291
1.1435717858929464,-0.5192596298149075,-0.27113556778389203,-1.6465732866433216,0.58381265,0.41802755,-0.6318222,-1.3333635
1.281640820410205,0.23911955977988963,0.09704852426213106,-1.6263131565782891,0.8361035,0.13948926,-0.62995887,-1.5437541
1.6418209104552273,-1.663831915957979,1.7838919459729863,2.16008004002001,1.2087462,-1.4530746,1.2693795,2.1516066
1.5177588794397194,0.2871435717858928,-1.3516758379189595,0.9534767383691847,1.9813931,0.90409416,-1.1422572,0.86398673
-1.9139569784892447,0.29514757378689316,-0.03701850925462735,-0.9779889944972486,-0.47202736,-0.88876456,0.32168514,-1.0880615
-0.7073536768384192,1.459729864932466,0.6193096548274135,-0.5907953976988496,-0.51690096,-0.36675462,0.28893,-1.2025242
0.045022511255627506,-1.901950975487744,-0.9654827413706855,-1.8424212106053026,-0.24077141,-0.32976484,0.017583275,-1.1940347
1.6398199099549773,-1.0855427713856929,-0.9074537268634317,-0.2778889444722361,1.7152026,0.2122525,-0.5618708,-0.2865099
-1.4797398699349675,1.3196598299149573,1.1755877938969483,2.4932466233116557,-1.0592078,-1.3798863,0.5873179,2.4710574
0.2091045522761381,-1.0775387693846925,0.531265632816408,-1.781640820410205,-0.16380931,-0.22123332,0.21995392,-1.4467564
0.6933466733366682,0.07703851925962946,-0.14107053526763402,0.4177088544272136,0.8706405,0.27474993,0.41464865,0.1266566
-1.19559779889945,0.8594297148574284,-0.4392196098049026,-0.0820410205102553,-0.6454667,-1.2603977,0.94320023,-0.3969754
0.5352676338169085,0.30115057528764355,-0.7693846923461731,0.8836918459229612,0.6131445,-0.48432726,-0.8753609,0.8377726
0.4852426213106553,1.057528764382191,0.303151575787894,-0.4939969984992496,0.8421433,-0.05396477,0.039724577,-0.81796163
-1.9719859929964982,1.2796398199099546,-1.1175587793896948,1.8516758379189593,-1.2227889,-1.4267887,1.203485,1.8029014
-0.26513256628314164,0.2871435717858928,0.045022511255627506,-1.0995497748874437,-0.20804808,-0.34269726,0.24110407,-1.1458459
1.2376188094047023,-0.5332666333166585,-1.6338169084542271,-0.7078539269634818,1.3877763,0.4254431,-0.8077538,-0.87492275
0.12906453226613301,-0.9474737368684343,-1.3336668334167086,-0.9374687343671837,0.12971865,-0.40758163,-0.23968826,-1.4314841
-1.7258629314657328,1.2456228114057026,1.8539269634817406,0.39294647323661813,-0.83446026,-1.0613972,0.6584588,0.035116985
-0.9774887443721862,0.08904452226113024,0.1250625312656326,1.387943971985993,-0.7230553,-1.0843118,0.9517138,1.3004394
-1.6678339169584793,0.2651325662831412,1.2716358179089542,-1.0117558779389695,-0.29882833,-0.55691135,0.25127676,-0.9613525
0.4992496248124061,0.14907453726863418,-1.3176588294147074,0.8319159579789894,0.570739,0.6591563,-0.8806619,0.7354895
-1.311655827913957,1.9279639819909953,0.1410705352676338,1.5950475237618806,-1.1515443,-1.3491036,0.6990276,1.531973
-1.2076038019009505,1.2396198099049522,-0.6353176588294147,-0.6875937968984493,-0.72363734,-1.0115719,0.48716167,-0.808173
-0.05302651325662855,1.7738869434717355,0.20710355177588768,-0.8834417208604304,-0.2771592,-0.18337367,0.0898105,-1.236005
1.68384192096048,-0.32916458229114576,-0.6193096548274137,-1.5655327663831917,1.1059554,0.1676285,-0.47540104,-1.5704217
0.0010005002501247695,1.2996498249124562,0.8674337168584292,0.47398699349674844,0.21526371,-0.9024268,-0.099302776,0.3867717
1.191595797898949,-0.3491745872936469,-1.969984992496248,-0.6470735367683842,1.2907082,0.51457494,-0.8148588,-0.72828233
0.39919959979989983,-1.4837418709354677,1.7818909454727363,2.1645822911455728,0.39412174,-1.4305409,1.8356628,2.1173606
-0.021010505252626377,0.1470735367683842,1.3396698349174585,-1.6443221610805403,0.04850965,-0.35877657,0.3913296,-1.548612
-1.7518759379689846,-1.083541770885443,-1.4477238619309656,0.00575287643821909,-0.905498,-0.93536645,0.5700187,-0.14504993
0.9434717358679339,-1.5817908954477238,1.1275637818909452,-1.6240620310155078,0.19799386,-0.12521602,-0.21702594,-1.5413376
-1.3056528264132066,1.7118559279639816,-0.4212106053026514,2.369434717358679,-1.1685829,-1.2037855,0.12557505,2.2467191
-1.2356178089044523,-0.9654827413706855,0.3671835917958979,-1.452976488244122,-0.47364414,-0.7920143,0.42381188,-1.1825643
0.533266633316658,1.1335667833916956,0.19109554777388693,1.0322661330665333,0.5143029,1.0558727,0.052814282,1.0284504
1.6878439219609804,0.5812906453226612,0.5132566283141569,-1.6330665332666334,0.44358554,0.34294805,-0.24305315,-1.3736318
0.20310155077538772,1.6418209104552273,1.9499749874937464,2.0610305152576283,0.22112365,1.6220219,1.9887078,2.0460038
1.2476238119059526,-0.8654327163581792,-0.6233116558279141,-1.792896448224112,0.82725334,0.094436854,-0.37603348,-1.5944325
-1.8339169584792396,0.061030515257628704,-0.2811405702851426,-0.9712356178089045,-0.48855075,-0.75905144,0.5189427,-1.1633388
-1.8379189594797398,-1.597798899449725,1.7618809404702347,2.448224112056028,-1.4317105,-1.514126,1.5512369,2.3977392
0.9034517258629311,1.3696848424212105,1.8559279639819906,1.2258629314657328,0.96766025,1.4322214,2.0489833,1.1495098
0.01900950475237595,1.2636318159079538,-0.7453726863431718,-0.6538269134567285,-0.23485203,-0.50491077,0.018125648,-1.0987717
1.4997498749374687,-1.4597298649324664,-1.2056028014007003,0.5347673836918458,1.5953491,1.0038989,-0.868854,0.47449833
1.4557278639319655,-1.775887943971986,1.8799399699849921,0.22636318159079538,0.8982798,-1.4084617,1.4988248,0.16397238
1.4437218609304652,-1.629814907453727,-1.9299649824912457,0.19034517258629302,1.5115658,1.0997881,-1.175873,0.10536876
-0.23111555777888948,1.2896448224112054,1.3536768384192093,-0.7866433216608304,-0.24419056,-0.41349283,-0.036497172,-0.9456141
-1.8279139569784892,-0.05302651325662855,1.3396698349174585,-0.043771885942971656,-0.87580985,-1.326543,0.9261404,-0.41864142
1.7738869434717355,1.023511755877939,0.02301150575287636,0.4627313656828411,1.8420863,0.62275213,-0.6503951,0.48300683
-0.08704352176088048,-1.4617308654327164,1.9059529764882437,1.7121060530265129,-0.5033173,-1.1489288,0.9759622,1.7128892
1.4697348674337167,-0.7293646823411706,0.8154077038519256,-0.2238619309654828,1.5122178,-0.24972384,0.7514469,-0.37649894
1.1875937968984491,1.2656328164082038,1.4417208604302147,-1.4259629814907453,1.1201322,0.2054936,-0.39043975,-1.5806442
-1.5957978989494748,-0.48924462231115573,-0.10705352676338187,0.6765882941470736,-0.9880465,-1.5848532,1.0039371,0.70140904
0.8674337168584292,1.3036518259129561,-1.9139569784892447,-0.4534767383691847,1.1219214,0.1083428,-0.96299607,-0.638428
-1.6718359179589795,-0.06703351675837932,1.1295647823911952,1.2078539269634816,-1.1506386,-1.4905329,1.1725912,1.1213489
-0.31515757878939477,0.8414207103551772,0.8114057028514257,1.7166083041520759,-0.2446283,-0.38021025,0.1481204,1.6061367
-0.55727863931966,1.2636318159079538,1.7918959479739867,-0.24637318659329677,-0.47746697,-0.5831065,0.52011585,-0.7827575
0.7873936968484241,0.45722861430715334,0.6273136568284139,-1.054527263631816,0.4591156,0.012579193,-0.50492907,-1.1466453
-0.8514257128564282,-1.1875937968984491,0.7973986993496744,-1.378689344672336,-0.5152815,-0.94691956,0.09583155,-1.2612022
0.2911455727863932,-0.7393696848424214,-1.917958979489745,1.1065532766383188,0.40618673,-1.0795777,-1.1062176,1.0677538
-0.19109554777388715,1.5937968984492246,-1.9159579789894947,2.270385192596298,-0.033637337,-2.4103076,-1.462518,2.2665384
-1.3056528264132066,1.4477238619309651,0.7813906953476737,1.8426713356678337,-1.1667004,-1.3305465,0.87252235,1.7873615
0.6413206603301651,1.4677338669334663,-0.8134067033516759,-0.5232616308154077,0.8245767,0.2231918,-0.7422616,-0.9041208
1.3056528264132066,-0.9954977488744372,0.46323161580790373,1.4644822411205602,1.4477998,-1.2874687,0.62189126,1.5143144
0.21910955477738847,-0.07103551775887951,-0.047023511755878156,1.959729864932466,0.22021328,-0.22665064,-0.069522604,1.9519963
-1.3756878439219609,-0.10505252626313166,2.0,-1.4034517258629315,-0.55582523,-0.97775096,0.49330944,-1.3004627
0.33516758379189593,1.3756878439219609,-1.247623811905953,1.2348674337168584,0.3390198,0.727733,-1.2005883,1.1311245
0.9154577288644319,1.5637818909454726,-1.0255127563781892,-1.151325662831416,1.1587511,0.43779024,-1.0608954,-1.3749356
0.8454227113556776,1.0855427713856924,0.5872936468234116,1.2168584292146072,0.9479563,1.0499896,0.75369155,1.1534796
-0.6693346673336669,-1.5137568784392197,0.6833416708354174,1.4937468734367183,-0.68873054,-1.1015165,0.66481245,1.4758748
-0.047023511755878156,0.38319159579789863,-0.6413206603301651,0.46498249124562285,0.03472965,0.13180311,-0.082743175,0.34198254
-1.3396698349174587,-0.26713356678339184,0.8314157078539268,2.4864932466233114,-1.1597643,-1.26393,0.81169623,2.4102693
-1.6018009004502252,1.1835917958979487,-0.1490745372686344,-1.6915957978989495,-0.38104257,-0.34246486,0.12928075,-1.3327326
0.389194597298649,0.06903451725862908,1.141570785392696,1.2866433216608302,0.38478902,0.16789468,1.2362727,1.2845409
0.419209604802401,-0.6493246623311657,-0.30915457728864437,1.8764382191095548,0.4633831,-0.8282233,-0.2128213,1.8043511
-0.6333166583291647,-0.9094547273636819,0.12906453226613301,-0.6470735367683842,-0.68488693,-0.9963579,0.6134084,-0.87815964
0.7173586793396698,-0.10705352676338187,-0.09704852426213129,2.319909954977488,0.76654214,-0.17090502,-0.073632516,2.271851
0.43321660830415176,-1.6418209104552277,-1.8959479739869936,1.8516758379189593,0.45059016,-1.1108304,-1.7996683,1.7989806
-1.5177588794397199,0.9674837418709354,1.7058529264632312,-1.7366183091545773,-0.27344197,-0.45752048,-0.13189834,-1.3516476
-1.7858929464732367,0.28914457228614276,1.0195097548774386,1.088544272136068,-1.1755389,-1.4974995,1.1874613,1.1139976
1.2376188094047023,-0.005002501250625402,1.5977988994497245,-1.5430215107553777,0.4415426,0.1452752,0.24807884,-1.1928957
-1.4937468734367183,1.7578789394697347,0.9114557278639319,-0.05727863931965982,-1.0221362,-0.8598937,0.68224627,-0.37215427
0.8294147073536768,-0.6413206603301651,-0.27313656828414223,0.07778889444722337,0.8832987,-0.96057254,-0.23351043,-0.041029945
0.7233616808404202,1.7038519259629812,0.8114057028514257,-0.8384192096048024,0.8499823,0.2050557,0.1883939,-1.2429103
-1.6978489244622312,-1.4377188594297148,1.7918959479739867,-1.3471735867933967,-0.27715328,-0.74152404,0.73572224,-1.2660352
-1.263631815907954,0.19709854927463732,0.9154577288644319,-0.8654327163581792,-0.76847476,-0.6244598,0.4221215,-0.81573915
1.6878439219609804,0.5812906453226612,0.5132566283141569,-1.6330665332666334,1.027599,0.14302072,-0.43485138,-1.2484578
-0.011005502751375795,0.7313656828414206,1.0935467733866933,-0.7416208104052027,-0.059151195,-0.27104452,0.39059418,-1.0664232
-1.1415707853926964,1.189594797398699,-1.7138569284642322,1.4239619809904949,-1.0495322,-1.4260671,0.5474974,1.3491066
-1.7858929464732367,0.28914457228614276,1.0195097548774386,1.088544272136068,-1.5281076,-0.8915273,0.7541598,1.0567415
-1.311655827913957,1.9279639819909953,0.1410705352676338,1.5950475237618806,-1.198237,-1.1136017,0.556052,1.5672872
0.8434217108554276,1.4417208604302147,-1.0795397698849425,-0.5165082541270636,1.0678427,0.60881627,-0.84550285,-0.7708232
-0.8654327163581792,-1.4417208604302152,-1.567783891945973,-1.8806903451725863,-0.14482182,-0.2669599,-0.29854786,-1.5846375
1.2256128064032015,-0.2931465732866434,1.5877938969484742,-0.8406703351675839,0.69546026,-0.4439164,0.41504186,-0.7798775
1.0335167583791893,-1.8679339669834918,1.1635817908954476,1.7998999499749875,0.98575604,-1.8155417,1.0490516,1.7684835
-0.5872936468234118,-0.47723861930965494,0.025012506253126343,1.4104552276138067,-0.49952227,-0.82184494,0.23713556,1.3052893
-0.605302651325663,0.5192596298149073,-0.605302651325663,1.203351675837919,-0.47325483,-1.0271814,-0.17301774,1.1633027
1.9759879939969984,-0.3071535767883944,-0.06503251625812911,-0.9172086043021512,1.6753691,0.4168894,-1.0524284,-0.86407685
-1.4737368684342171,1.6578289144572285,-1.35767883941971,-1.221110555277639,-0.344035,-0.6935287,0.37461028,-1.0708145
1.8459229614807402,-0.21310655327663852,-0.5392696348174089,-1.1040520260130067,1.3487126,-0.2644708,-0.5754452,-0.9632253
1.507753876938469,-1.35967983991996,-0.40520260130065044,0.404202101050525,1.7697065,-0.020294469,-0.057013802,0.28415602
0.6973486743371682,1.775887943971986,1.3516758379189593,-1.007253626813407,0.77534074,0.3568293,-0.116968624,-1.2046894
0.20310155077538772,-1.1415707853926964,-0.5952976488244124,-0.02126063031515768,0.29723835,-0.7849785,-0.018947218,-0.54292226
1.9319659829914952,-0.04902451225612814,1.2176088044022007,1.0345172586293145,1.7507299,-0.17849252,0.9127087,1.0617404
-1.453726863431716,-1.6858429214607304,1.8039019509754874,1.5995497748874437,-1.2668468,-1.7880881,0.9934712,1.6145331
-0.5092546273136569,1.3756878439219609,1.8859429714857425,0.696848424212106,-0.7062224,-0.5713098,0.58144903,0.48954883
-0.021010505252626377,-0.38119059529764887,0.4952476238119057,0.37943971985992997,-0.002282612,-0.491092,0.8673384,-0.0877278
-0.9494747373686845,1.3616808404202096,1.0615307653826913,0.7756378189094546,-0.85802627,-0.8809335,0.084249154,0.71703154
1.2256128064032015,-0.2931465732866434,1.5877938969484742,-0.8406703351675839,1.1189152,-0.20821175,1.7959758,-0.6885073
-0.03901950975487756,-0.48524262131065554,0.6293146573286643,-0.4174587293646823,-0.3714153,-0.5180235,0.5425907,-0.62477314
-0.3691845922961481,1.9459729864932465,1.5317658829414706,0.2803901950975485,-0.20800859,-0.42166552,-0.039374005,0.024508223
1.5977988994497245,-1.2756378189094548,0.9054527263631815,1.6108054027013505,1.5178452,-1.07467,0.8524765,1.5522676
-1.7058529264632316,1.8079039519759879,0.4712356178089041,-0.14057028514257142,-1.0281136,-1.109156,0.6398058,-0.32193002
0.447223611805903,-0.2791395697848926,1.633816908454227,-1.5475237618809405,-0.20048876,-0.5205963,0.36221367,-1.3704858
0.15107553776888416,1.4817408704352175,0.9094547273636815,-1.3696848424212107,-0.041170266,-0.26383004,-0.060462315,-1.4735034
0.06303151575787869,1.6758379189594796,1.1955977988994495,0.47398699349674844,0.18861817,0.26865247,-0.04980121,-0.03937662
-0.5012506253126565,0.8154077038519256,0.8394197098549272,-1.464232116058029,-0.43852845,-0.52693427,0.16754287,-1.2898549
-1.629814907453727,-0.10705352676338187,-0.7813906953476739,-0.052776388194097246,-0.8121998,-0.94531125,0.6772508,-0.69284004
1.8459229614807402,-0.21310655327663852,-0.5392696348174089,-1.1040520260130067,1.1351016,0.46875098,-0.9389505,-1.1108403
0.03501750875437715,-1.9819909954977488,-1.421710855427714,1.4599799899949972,0.07237145,-1.3338614,-1.2426999,1.4134957
-0.6293146573286645,0.8714357178589291,-1.6178089044522261,0.019259629814907253,-0.5339054,-0.89465016,0.44708905,-0.26386487
-1.8219109554777388,-0.2931465732866434,1.0335167583791893,-0.12931465732866432,-0.92122287,-1.2976037,1.1748805,-0.17130244
-0.021010505252626377,-0.38119059529764887,0.4952476238119057,0.37943971985992997,0.076013476,-0.83696157,0.68101287,0.19162758
-1.4017008504252126,1.573786893446723,1.8119059529764878,-0.010005002501250804,-1.0463554,-0.79984736,0.76575017,-0.35210973
0.5872936468234116,-0.9634817408704353,-1.659829914957479,1.4352176088044022,0.65265805,-1.3999914,-1.2866958,1.4774461
0.7453726863431713,-1.5757878939469734,1.7598799399699847,1.7121060530265129,0.66039264,-1.5129561,1.6671164,1.6852237
1.7818909454727363,-0.6493246623311657,-1.7038519259629816,-0.39494747373686856,1.8034099,0.72257847,-0.7304847,-0.581724
-1.249624812406203,-1.6978489244622312,-0.5172586293146575,2.400950475237619,-1.017494,-1.697535,0.76445276,2.3471687
1.5057528764382186,1.8739369684842417,0.36918459229614786,0.2916458229114558,1.6182961,0.65112877,-0.5448914,0.24032386
-0.08904452226113069,0.5812906453226612,0.09104552276138067,-1.5520260130065033,0.15111549,-0.1361863,-0.055919115,-1.4101309
-1.0915457728864433,0.8474237118559276,-0.19709854927463755,-1.545272636318159,-0.33648005,-0.43871513,0.2931315,-1.3154145
0.6253126563281639,1.1355677838919456,0.8714357178589291,1.730115057528764,0.68750525,0.90884954,0.7072224,1.6444085
0.0010005002501247695,1.2996498249124562,0.8674337168584292,0.47398699349674844,0.23612975,-0.7173124,0.08069878,-0.032694634
1.2936468234117058,-0.5352676338169085,1.9319659829914952,1.014257128564282,1.5045398,-0.4725663,2.2938395,0.93448627
1.0175087543771886,-1.983991995997999,1.8139069534767382,-0.8789394697348676,-0.82488024,-0.85030055,0.4321825,-1.3914887
-1.9459729864932467,-0.87943971985993,0.45522761380690335,-1.1895947973986993,-0.6808682,-0.73602587,0.46627563,-1.0031216
0.37118559279639785,-0.7773886943471737,1.909954977488744,-1.6803401700850427,-0.31333745,-0.328606,0.032634467,-1.3635472
-0.17508754377188618,-0.4572286143071538,-0.8334167083541772,2.034017008504252,-0.076601885,-1.1020083,-0.5801123,2.0110335
0.18509254627313654,-0.9874937468734368,-1.485742871435718,0.737368684342171,0.2795003,-1.7261169,-0.89321893,0.7684477
0.6373186593296647,0.9714857428714354,1.6978489244622308,2.193846923461731,0.66393036,1.0024422,1.8013496,2.1436305
0.4252126063031514,1.0075037518759378,-0.9254627313656829,0.8769384692346174,0.5098899,0.6810857,-0.73385954,0.8297818
1.5937968984492246,-1.67983991995998,0.5032516258129061,-1.1828414207103553,0.73182094,0.1813965,-0.6483995,-1.247844
-0.32116058029014516,-1.023511755877939,0.9774887443721858,0.22186093046523236,-0.5888268,-0.83284366,0.5139486,0.1974072
-0.5712856428214108,-0.8094047023511757,1.139569784892446,-0.2756378189094548,-0.52430254,-0.65081096,0.5218705,-0.3982929
-1.137568784392196,-1.2916458229114558,1.7038519259629812,-0.8024012006003003,-0.64191175,-0.8453938,0.31470454,-0.99722254
-0.285142571285643,-1.487743871935968,-0.46923461730865434,-1.5002501250625313,0.012335585,-0.034823906,0.1490346,-1.3931184
-0.9054527263631817,1.6758379189594796,-0.3691845922961481,-0.6830915457728866,-0.91302407,-0.57996035,0.23619424,-1.0847677
1.573786893446723,-1.2196098049024513,-0.8814407203601802,-0.1383191595797899,1.5199059,0.35593447,-0.40572703,-0.17731993
1.167583791895948,-0.32516258129064535,0.13306653326663298,-1.1625812906453228,0.7258783,0.18125246,-0.16455689,-1.230474
1.6138069034517257,-0.4992496248124063,1.6638319159579789,-1.2593796898449225,0.79426587,-0.38326895,0.66513854,-1.1242075
0.5292646323161581,-1.5637818909454728,-1.263631815907954,-0.5727863931965984,0.56845385,-0.49055317,-0.6135888,-0.710757
0.8474237118559276,-0.09904952476238127,1.6778389194597296,-1.036518259129565,0.5354232,-0.13372311,0.38997555,-1.0898949
-1.823911955977989,1.68184092046023,-1.4517258629314658,1.8269134567283638,-1.3670429,-1.3091562,0.8384085,1.7229662
-1.0015007503751878,-1.8639319659829916,-0.9654827413706855,1.8426713356678337,-0.8326267,-1.549357,0.61246717,1.7984335
1.9319659829914952,-0.04902451225612814,1.2176088044022007,1.0345172586293145,1.6878389,-0.10798717,0.89089257,1.0975499
0.303151575787894,1.6738369184592292,-1.3836918459229617,1.7143571785892946,0.37094024,-0.0952944,-2.0052664,1.6899928
0.7733866933466733,1.221610805402701,-0.71935967983992,-0.32516258129064535,1.1978729,0.25908417,-0.69070727,-0.56523633
-0.5332666333166585,-0.19309654827413714,0.3671835917958979,1.3969484742371185,-0.37179175,-0.796005,0.32322767,1.2272265
1.9879939969984988,-1.5177588794397199,-1.3776888444222113,-1.786143071535768,0.72869015,0.46839535,-0.84607047,-1.4011551
-0.3711855927963983,1.2876438219109554,-0.445222611305653,2.011505752876438,-0.3053836,-0.7981574,-0.9422014,1.9610865
-0.07103551775887951,-1.0435217608804401,-0.9254627313656829,-0.8766883441720861,-0.09556773,-0.6216189,-0.055397466,-1.1318247
-0.16508254127063537,-0.6293146573286645,0.303151575787894,1.7413706853426714,-0.06919573,-1.0686164,0.26563543,1.7108498
0.5172586293146573,-0.1370685342671336,1.5757878939469734,-0.23286643321660838,0.6912413,-0.3630365,1.5166912,-0.6078055
0.7293646823411706,1.5897948974487242,1.459729864932466,1.3676838419209605,0.71729815,1.6586813,1.6167408,1.360332
0.6173086543271635,0.447223611805903,1.3816908454227113,-0.31165582791395696,0.6656312,-0.01558678,0.6991977,-0.5742198
0.4952476238119057,0.277138569284642,0.277138569284642,-0.39719859929964985,0.47330913,-0.12544397,-0.45541027,-0.95615095
0.7633816908454225,-1.2256128064032017,0.36518259129564745,2.200600300150075,0.7685683,-1.1537046,0.3985172,2.1874766
1.36568284142071,-1.6398199099549775,1.4197098549274636,-1.5812906453226614,0.48208883,-0.46430096,0.07623167,-1.348622
-1.4277138569284644,-0.47923961980990515,0.5572786393196596,-1.9729864932466232,-0.50668985,-0.75197154,0.15337326,-1.6405842
0.03901950975487711,-1.8319159579789894,-1.4917458729364683,-0.05502751375687853,0.0738511,-0.44444096,-0.26340297,-0.5785933
0.5252626313156576,-1.4357178589294648,-1.919959979989995,0.548274137068534,0.5037433,0.15965092,-1.2987733,0.51314086
1.1575787893946972,0.8134067033516756,1.8059029514757374,-0.41295647823911974,1.3242934,0.44892105,1.5849819,-0.6425584
-0.17508754377188618,-0.4992496248124063,-0.9614807403701853,-1.8739369684842422,-0.44536066,-0.37127286,0.1869879,-1.1397768
-0.26913456728364205,-1.7958979489744873,0.7593796898449221,1.5972986493246624,-0.5789762,-0.9195512,0.82876074,1.5330184
-1.1795897948974488,0.17508754377188573,0.031015507753876737,2.3964482241120555,-1.0648289,-1.091037,0.31710634,2.3544664
0.12306153076538262,-0.7893946973486745,1.767883941970985,-1.7366183091545773,-0.1773906,-0.42020315,0.34920165,-1.4798307
-0.7773886943471737,-0.9414707353676839,-1.7878939469734867,-1.6510755377688844,-0.20477621,-0.5864304,-0.20830491,-1.3619698
0.7533766883441717,1.601800900450225,0.8574287143571784,-1.4957478739369685,0.7030703,0.32477927,-0.24795093,-1.5214736
-1.9459729864932467,-0.7673836918459231,0.08504252126063028,0.7351175587793897,-0.9283958,-1.6437268,1.1269014,0.7251409
-0.07103551775887951,-1.0435217608804401,-0.9254627313656829,-0.8766883441720861,-0.11331003,-0.36674264,0.17704992,-1.3692492
0.5392696348174084,-1.9119559779889945,-1.1115557778889444,1.590545272636318,0.48974395,-1.2344679,-1.3111608,1.5811414
-0.5112556278139071,-1.6898449224612306,0.56128064032016,0.6045522761380688,-0.76220703,-1.2814636,0.9297007,0.56583863
-0.33916958479239634,0.11105552776388183,0.23111555777888926,-0.6110555277638821,-0.3454351,-0.578255,0.2694793,-1.2268692
0.6433216608304151,-0.029014507253626975,-0.8494247123561782,-0.9217108554277138,0.88607466,0.1534026,-0.5996347,-1.2920636
-1.5317658829414706,-1.083541770885443,1.0355177588794393,1.2776388194097046,-1.2712275,-1.5290278,1.198536,1.2441231
1.0015007503751874,-0.05702851425712874,0.07703851925962946,-1.468734367183592,0.79040724,0.03964686,0.00575586,-1.3740653
-1.5957978989494748,-0.48924462231115573,-0.10705352676338187,0.6765882941470736,-1.0467283,-1.2875853,0.92662764,0.6265155
-1.053526763381691,-1.1275637818909456,1.829914957478739,-1.331415707853927,-0.4698707,-0.6271853,0.03709041,-1.2599616
1.5457728864432214,-0.301150575287644,0.4852426213106553,0.08679339669834896,1.6345441,-0.3006044,0.62705946,0.063672565
-1.52176088044022,1.459729864932466,-0.7653826913456729,-0.13606803401700862,-0.9249788,-1.2958628,0.7986557,-0.4436131
-0.08904452226113069,0.5812906453226612,0.09104552276138067,-1.5520260130065033,-0.38533828,-0.7991165,0.3470114,-1.4761932
-0.3691845922961481,1.9459729864932465,1.5317658829414706,0.2803901950975485,-0.2864037,-0.6898045,-0.08130868,-0.13408215
-1.7858929464732367,-0.7253626813406704,-1.9419709854927463,1.6558279139569785,-1.0384963,-1.5127019,0.82042485,1.6453785
-1.4737368684342171,0.4052026013006502,1.889944972486243,0.2691345672836416,-1.0330259,-1.132549,0.86296684,0.14182985
-1.2596298149074538,0.2811405702851424,-1.6038019009504754,1.7503751875937965,-1.0745401,-1.4620852,1.3460162,1.6781816
1.8099049524762378,-1.773886943471736,-0.12306153076538284,0.45822911455727855,1.6851044,0.658197,-0.8416571,0.36476633
0.4952476238119057,0.277138569284642,0.277138569284642,-0.39719859929964985,0.46983692,0.32750005,0.37240893,-0.41572672
-0.047023511755878156,0.38319159579789863,-0.6413206603301651,0.46498249124562285,0.09162151,-0.36156988,-0.31626385,-0.20863251
-0.701350675337669,-1.741870935467734,-1.0035017508754378,0.19034517258629302,-0.94370437,-0.48789343,0.43427092,-0.048057947
1.68384192096048,-0.32916458229114576,-0.6193096548274137,-1.5655327663831917,1.0856949,0.048442546,-0.72089833,-1.5423203
0.08304152076037985,-1.1475737868934468,-0.3691845922961481,0.4469734867433717,0.01248454,-0.6616401,-0.060468666,0.19376574
0.8934467233616807,-1.551775887943972,1.139569784892446,1.5747873936968482,0.95740885,-1.613465,1.2409537,1.5582668
-0.14707353676838442,1.311655827913957,1.5197598799399699,-0.7236118059029515,-0.13964863,-0.21579255,0.21414268,-1.0395054
-0.18709354677338674,1.4137068534267132,-0.8394197098549276,1.3901950975487742,-0.096486926,-0.93999696,-1.3060224,1.2815622
1.477738869434717,0.8054027013506753,1.7198599299649824,0.9264632316158079,1.61644,0.6858118,1.7969548,0.9476835
-1.7858929464732367,0.28914457228614276,1.0195097548774386,1.088544272136068,-1.1864818,-1.6278437,1.2897463,1.0824566
-1.901950975487744,0.29914957478739357,0.9174587293646823,-0.10680340170085056,-1.1703583,-0.66687804,0.49969828,-0.14846094
-1.7258629314657328,1.2456228114057026,1.8539269634817406,0.39294647323661813,-1.1961266,-0.8938785,0.7022099,0.28003952
0.853426713356678,1.0215107553776885,2.0,2.2343671835917958,0.88651454,0.91510844,1.9929808,2.1968012
-0.12906453226613324,1.799899949974987,-0.3731865932966485,1.520760380190095,-0.005714926,-1.2981867,-1.0352302,1.480495
-1.7618809404702351,-1.3456728364182091,-1.391695847923962,-1.3269134567283642,-0.52509993,-0.5464935,0.28084603,-1.2599108
-1.5697848924462232,0.25312656328164085,-0.3911955977988997,2.1555777888944467,-1.1039077,-1.5335897,1.0074222,2.0686836
0.7893946973486741,0.4832416208104049,1.6078039019509753,1.2416208104052027,0.77489626,0.48939237,1.6572945,1.2623454
-0.033016508254127164,0.9534767383691842,0.6193096548274135,1.4937468734367183,-0.02976583,0.7722477,0.5791568,1.478561
0.9474737368684338,0.5152576288144068,-1.8919459729864934,-0.07753876938469251,1.1309525,-0.22341152,-0.8271356,-0.18963844
-0.8514257128564282,-1.1875937968984491,0.7973986993496744,-1.378689344672336,-0.48195,-0.419883,0.124965884,-1.3439127
-0.16708354177088558,-1.3736868434217109,-0.2911455727863934,2.3064032016008005,-0.10716625,-1.5128906,-0.21635255,2.264486
0.23311655827913924,0.6613306653326663,-0.8134067033516759,1.1785892946473235,0.41687375,-0.8718947,-0.65650755,1.0495996
-0.4632316158079042,1.057528764382191,-0.9414707353676839,1.1178089044522261,-0.28032124,-0.49530584,-0.61614835,1.0161202
0.12306153076538262,-0.7893946973486745,1.767883941970985,-1.7366183091545773,-0.024635574,-0.23607193,0.105394766,-1.4853637
-0.12906453226613324,1.799899949974987,-0.3731865932966485,1.520760380190095,-0.033108503,-0.48925823,-1.155136,1.5485913
1.2316158079039519,-1.3376688344172085,-0.30915457728864437,-0.3004002001000501,1.2712163,0.056536,-0.7527435,-0.63928694
-1.391695847923962,1.4517258629314655,-0.40120060030015026,2.184842421210605,-1.0421424,-1.3877945,0.329087,2.193801
-1.0495247623811905,0.9294647323661831,1.3536768384192093,-1.849174587293647,-0.0054789525,-0.265214,0.04431765,-1.2165806
0.417208604302151,1.6198099049524761,-1.3656828414207105,-1.8244122061030517,0.14576845,-0.48200592,-0.58158624,-1.4959289
-1.5317658829414706,-0.6833416708354179,-1.8799399699849926,-1.0590295147573787,-0.44575405,-0.5995194,0.27542338,-1.2073861
-1.1715857928964484,-1.5497748874437218,-1.6378189094547273,1.4734867433716858,-0.90048474,-1.6046677,0.774781,1.4414899
0.8074037018509252,1.9259629814907453,1.8059029514757374,0.4694847423711854,0.79783976,1.8866822,1.7843171,0.37268215
-0.7073536768384192,1.459729864932466,0.6193096548274135,-0.5907953976988496,-0.37704077,-0.98816055,0.6214959,-0.86259454
-1.2936468234117058,-1.3056528264132066,0.44922461230615296,-1.7883941970985493,-0.060981788,-0.2259685,-0.054791417,-1.7941738
-1.0995497748874437,0.07503751875937947,-1.953976988494247,-1.8469234617308654,-0.37096325,-0.53094137,0.31726378,-1.5308167
0.303151575787894,1.6738369184592292,-1.3836918459229617,1.7143571785892946,0.33434817,-0.17288478,-1.757884,1.7184454
0.3951975987993994,1.2936468234117058,1.8119059529764878,-1.7906453226613306,-0.4134078,-0.17863433,0.18565497,-1.0576433
-0.6693346673336669,1.107553776888444,1.6578289144572285,2.1083041520760375,-0.5265504,-0.48725882,0.33469662,2.0348072
-0.20110055027513773,-1.8939469734867433,1.36568284142071,-0.8361680840420211,-0.4202164,-0.58113253,0.34117034,-1.0274142
1.8399199599799898,1.2656328164082038,1.8699349674837418,-1.2031015507753877,1.3344094,0.2651389,-0.47777614,-1.3529633
-1.2116058029014507,-1.5077538769384693,-1.5697848924462232,-0.1563281640820411,-0.73158556,-0.8421744,0.6020684,-0.3444077
-0.011005502751375795,0.7313656828414206,1.0935467733866933,-0.7416208104052027,-0.09614958,-0.3233595,0.15690416,-1.2039672
-1.8199099549774886,1.027513756878439,1.9299649824912453,1.9957478739369683,-1.1298685,-1.464039,1.3214939,1.9966159
0.09304652326163065,0.7313656828414206,1.7058529264632312,0.7688844422211103,0.14020255,0.51360357,1.3758863,0.6472317
0.30715357678839394,-1.3776888444222113,1.0375187593796897,0.7238619309654828,0.39787194,-1.4561085,1.1126882,0.7287678
0.16508254127063537,-0.9214607303651827,1.9899949974987492,-0.6020510255127565,-0.41463852,-0.72933537,0.51525944,-1.0780411
0.1890945472736365,1.7938969484742366,-1.3156578289144574,-1.2458729364682342,0.060053617,-0.1627654,-0.41903943,-1.5703454
-0.3691845922961481,0.08504252126063028,-0.6813406703351677,-1.4709854927463732,-0.2321864,-0.64076126,0.18770519,-1.400406
1.7078539269634816,1.4817408704352175,0.6113056528264131,-0.6178089044522261,1.5264704,0.49037185,-0.7495573,-0.7392177
-1.711855927963982,-0.5712856428214108,-1.0475237618809405,-0.9509754877438721,-0.44931304,-0.7218453,0.17806195,-1.0877806
-0.2811405702851426,-0.7533766883441722,-1.453726863431716,0.4199599799899949,-0.14392263,-0.8622283,-0.39162967,0.18479127
0.9014507253626811,-0.6713356678339171,-1.2396198099049527,1.0525262631315657,0.9704534,-0.3914245,-1.3258482,1.0055845
0.22911455727863927,1.919959979989995,-0.009004502251125812,1.5927963981990994,0.22854437,1.5230315,-0.41401568,1.6156462
-0.9574787393696849,-1.4777388694347176,-0.6793396698349174,-0.7123561780890446,-0.5501389,-0.52972656,0.2742993,-0.9775288
0.03501750875437715,-1.9819909954977488,-1.421710855427714,1.4599799899949972,0.034979664,-1.7022085,-1.2718712,1.4504093
-0.19309654827413714,-1.1715857928964484,1.68184092046023,-1.6330665332666334,-0.58827984,-0.65669024,0.722522,-1.4379902
-0.8214107053526765,0.3391695847923959,1.6078039019509753,-0.12031015507753895,-0.61535794,-1.0148792,0.57978624,-0.6518515
-0.9494747373686845,1.5497748874437218,-1.5317658829414706,1.0187593796898446,-0.94542515,-1.1631165,0.5325062,0.8676015
-0.7573786893446723,-0.8454227113556778,-0.143071535767884,-1.1310655327663832,-0.53376377,-0.88819104,0.7041637,-0.9384269
-1.3056528264132066,1.4477238619309651,0.7813906953476737,1.8426713356678337,-1.1099231,-1.3417671,0.91894025,1.757334
0.6693346673336666,-1.823911955977989,0.9994997498749374,0.07103551775887951,0.24915929,-1.1253141,0.13422647,-0.37614644
1.1835917958979487,-1.901950975487744,-1.455727863931966,-1.187343671835918,1.1266767,0.3015255,-0.96465003,-1.2676585
1.393696848424212,0.4972486243121561,0.06303151575787869,1.0862931465732864,1.4824944,0.46520314,0.27285206,1.0297589
0.531265632816408,-1.311655827913957,-1.1735867933966984,0.02376188094047027,0.6374985,0.06811323,-0.8137231,-0.35209706
-0.021010505252626377,-0.38119059529764887,0.4952476238119057,0.37943971985992997,0.07163803,-0.7870541,0.48910493,0.31360766
-0.975487743871936,1.655827913956978,1.7538769384692343,-0.2756378189094548,-0.8283329,-0.82390857,0.7438412,-0.32927567
-0.575287643821911,0.6813406703351674,-1.9939969984992496,1.8359179589794894,-0.42827454,-1.3067812,-0.88506615,1.786947
1.315657828914457,-0.11905952976488265,0.4372186093046522,-0.03926963481740886,1.3717163,-0.13041231,0.5158096,-0.02460493
-0.8814407203601802,1.7818909454727363,-1.2116058029014507,0.696848424212106,-1.148946,-1.0490986,0.5550287,0.5975466
1.2156078039019507,-1.9479739869934967,-0.7133566783391696,1.1313156578289143,1.1373888,0.10544581,-1.311463,1.0420356
-0.9694847423711856,-1.3676838419209605,1.3896948474237116,0.06878439219609778,-1.0718637,-0.97204393,0.7707326,0.033728868
0.1890945472736365,1.7938969484742366,-1.3156578289144574,-1.2458729364682342,0.13031499,-0.09202884,-0.2670731,-1.3002151
1.5997998999499745,1.0195097548774386,1.169584792396198,-0.12706353176588303,1.5199578,0.5585763,0.89988184,-0.11037941
-1.789894947473737,1.1135567783891944,1.7938969484742366,-1.8514257128564282,-0.423968,-0.5521194,0.45318988,-1.319532
1.1435717858929464,-0.5192596298149075,-0.27113556778389203,-1.6465732866433216,0.530629,0.14463736,-0.5255368,-1.6083561
-0.021010505252626377,-0.573286643321661,0.4152076038019006,-0.3544272136068034,-0.26054493,-0.5407263,0.12984246,-0.5728391
-0.6233116558279141,-1.3336668334167086,-1.7658829414707353,-0.1540770385192598,-0.77239805,-0.7744578,0.56475943,-0.4990543
0.6273136568284139,1.9919959979989992,1.2596298149074534,-1.3269134567283642,0.56271434,0.11108532,-0.271121,-1.1561867
0.4092046023011502,0.6393196598299147,0.7933966983491745,1.3069034517258626,0.41712272,0.69523257,0.8119271,1.287346
0.447223611805903,-1.599799899949975,-1.9579789894947475,0.9939969984992496,0.5104104,-0.5799136,-1.6333858,0.9168224
-1.0815407703851927,-1.9819909954977488,1.3696848424212105,-0.7528764382191095,-0.6285796,-1.0049258,0.7446103,-1.0783321
-1.4677338669334667,1.1875937968984491,1.4097048524262128,-0.2778889444722361,-0.8618801,-0.517163,0.19123898,-0.45189768
1.0335167583791893,-1.8679339669834918,1.1635817908954476,1.7998999499749875,0.88952607,-1.6746552,0.9818886,1.7492338
0.4092046023011502,-1.8199099549774886,0.5872936468234116,1.1808404202101048,0.21678561,-1.362592,0.4742517,1.1456826
0.2911455727863932,-0.7393696848424214,-1.917958979489745,1.1065532766383188,0.42273903,-1.1605395,-1.0556874,0.9649771
-0.55727863931966,1.2636318159079538,1.7918959479739867,-0.24637318659329677,-0.6371446,-0.6278371,0.2563781,-0.6592114
1.7038519259629812,-1.8219109554777388,-0.013006503251626,-1.1288144072036017,1.3505597,0.57971317,-1.124782,-1.1404516
-1.277638819409705,-0.41320660330165104,-0.9654827413706855,2.310905452726363,-1.0609797,-1.0896078,0.48605177,2.2820299
0.9154577288644319,1.5637818909454726,-1.0255127563781892,-1.151325662831416,0.8035905,-0.079018675,-0.8252118,-1.298407
0.11905952976488221,-0.26313156578289165,1.1575787893946972,0.5257628814407203,0.13766026,-0.33184206,1.2918112,0.37057802
-1.2516258129064533,1.3816908454227113,-0.19309654827413714,-0.6088044022011005,-0.66446453,-0.8080202,0.35100552,-0.6275968
-1.8219109554777388,-0.2931465732866434,1.0335167583791893,-0.12931465732866432,-0.9487975,-1.110092,0.8081266,-0.1305059
0.5952976488244119,-1.2916458229114558,1.5797898949474733,1.5680340170085039,0.67013836,-1.2151383,1.8101518,1.527615
0.8434217108554276,1.4937468734367183,-1.9739869934967484,-0.8676838419209605,0.9852489,0.1322317,-0.65458065,-1.043094
1.5057528764382186,1.8739369684842417,0.36918459229614786,0.2916458229114558,1.8151836,0.550775,-0.63785493,0.22781442
0.7453726863431713,-1.5757878939469734,1.7598799399699847,1.7121060530265129,0.7016977,-1.4453789,1.8408653,1.697952
-0.6233116558279141,1.5597798899449722,0.32316158079039514,-1.8536768384192097,-0.66344523,-0.78372145,0.31719485,-1.3033534
-1.311655827913957,-0.23911955977989008,0.3251625812906451,0.31640820410205084,-1.1011354,-0.8448374,0.73873776,0.21454108
-0.23711855927963987,0.817408704352176,0.6453226613306651,-1.7231115557778889,-0.32948554,-0.25704888,0.19520849,-1.5968953
0.5372686343171584,1.5457728864432214,-0.3191595797898952,0.0800400200100051,0.7702966,0.24745968,-0.4080169,-0.27538225
0.533266633316658,1.1335667833916956,0.19109554777388693,1.0322661330665333,0.5850671,1.3541477,0.4689968,0.9515386
0.6373186593296647,0.9714857428714354,1.6978489244622308,2.193846923461731,0.6608824,1.0900108,1.9498165,2.0884557
-1.6398199099549775,0.2011005502751373,-1.4357178589294648,-0.5547773886943472,-0.8495572,-0.8128123,0.5738114,-0.71367407
1.105552776388194,0.7853926963481741,0.7473736868434213,-0.7753876938469235,1.3074917,0.52140003,0.7386534,-0.90209067
-1.7858929464732367,-0.7253626813406704,-1.9419709854927463,1.6558279139569785,-1.2213923,-1.4526991,1.3134156,1.6160688
1.7018509254627312,-1.9299649824912457,1.2056028014007003,0.06203101550775392,1.1985049,-1.1021503,0.8544437,-0.074273415
1.507753876938469,-1.35967983991996,-0.40520260130065044,0.404202101050525,1.5012351,-0.16145347,-0.5013786,0.3667532
0.38119059529764865,-1.0415207603801901,0.9434717358679339,1.775137568784392,0.41024637,-1.081451,1.0002222,1.7644916
-0.8954477238619309,-1.757878939469735,-0.1370685342671336,-0.20810405202601312,-0.6228385,-1.0996895,0.81192684,-0.6133758
0.6033016508254123,1.139569784892446,-1.3816908454227113,-1.4417208604302152,0.46785706,-0.25750983,-0.50981724,-1.2887176
0.6373186593296647,1.5297648824412202,1.969984992496248,1.9057028514257128,0.69965774,1.4845238,2.0541303,1.8086848
-0.301150575287644,-1.03751875937969,1.1655827913956975,0.8746873436718356,-0.54016244,-0.81088686,0.8574843,0.7286892
0.07503751875937947,-0.40720360180090065,-1.9779889944972486,1.9259629814907453,0.1265811,-1.2698423,-1.6000882,1.913804
-1.2116058029014507,-1.8959479739869936,-1.2616308154077038,-0.6313156578289145,-0.5661702,-0.7911367,0.3999822,-0.8445498
-1.7518759379689846,-1.083541770885443,-1.4477238619309656,0.00575287643821909,-1.0084779,-1.310611,0.9053126,0.021863902
-0.7713856928464233,1.0355177588794393,1.8819409704852426,1.0075037518759378,-0.6696756,-1.0156871,0.59794784,0.93393123
1.4697348674337167,-0.7293646823411706,0.8154077038519256,-0.2238619309654828,1.2323354,-0.30682954,0.18847823,-0.45260936
-1.6218109054527263,-1.36168084042021,0.17108554277138532,-0.5390195097548776,-0.7742352,-1.3129926,1.0399969,-0.5921527
-1.8379189594797398,-1.597798899449725,1.7618809404702347,2.448224112056028,-1.4013613,-2.042519,1.6744069,2.4594824
-1.7638819409704853,1.2576288144072034,-0.39519759879939986,-0.41295647823911974,-0.65175575,-1.002681,0.7371801,-0.77434874
-1.7998999499749875,-0.6233116558279141,0.8394197098549272,-0.1630815407703854,-0.97340804,-1.2394913,0.9510105,-0.11210552
-0.1610805402701352,1.0615307653826913,0.30115057528764355,1.5185092546273133,-0.107854925,0.36820716,-0.23500474,1.4812351
0.21910955477738847,0.07703851925962946,-0.18909454727363695,1.3676838419209605,0.32899898,-0.61263907,-0.14215657,1.2296664
-1.0055027513756878,0.9214607303651823,-1.5957978989494748,1.4779889944972484,-0.84919804,-1.5331249,0.98639625,1.0441898
-1.6018009004502252,-2.0,-0.06503251625812911,-1.2076038019009505,-0.6091997,-0.9665458,0.6475134,-1.2595053
-1.0195097548774388,1.4437218609304652,-1.0335167583791898,-0.6448224112056029,-0.8790493,-0.837204,0.5482468,-0.85687274
0.03701850925462713,-1.933966983491746,0.07503751875937947,-0.7776388194097048,-0.38545293,-0.59882724,0.3163263,-1.1377884
-1.247623811905953,-1.051525762881441,-0.6033016508254128,-1.8446723361680841,-0.45419964,-0.4493908,-0.017090721,-1.4802809
-0.9494747373686845,1.3616808404202096,1.0615307653826913,0.7756378189094546,-0.7349198,-0.573388,0.4207842,0.7125084
0.4252126063031514,1.0075037518759378,-0.9254627313656829,0.8769384692346174,0.46395606,0.46008575,-0.9305288,0.8946689
0.047023511755877934,1.6418209104552273,1.4097048524262128,0.3186593296648321,0.059354007,-0.11802401,0.06749351,-0.14837274
1.9539769884942468,-1.1455727863931968,1.893946973486743,1.0975487743871932,1.7236998,-1.0286788,1.6228993,1.1492977
-0.011005502751375795,0.7313656828414206,1.0935467733866933,-0.7416208104052027,0.075742,-0.19344155,-0.07832006,-1.226502
1.36568284142071,-1.6398199099549775,1.4197098549274636,-1.5812906453226614,0.03594179,-0.40350628,0.660983,-1.5878178
1.857928964482241,1.1135567783891944,-1.2296148074037019,-1.32016008004002,1.4625807,0.5570253,-1.1590449,-1.1971741
-1.2896448224112058,-0.17508754377188618,0.9134567283641819,0.7193596798399198,-0.9913438,-1.1456212,1.0407635,0.4853649
-1.5237618809404703,1.765882941470735,0.7113556778389194,-1.0185092546273138,-0.6191702,-0.89271545,0.40035826,-1.1200081
-1.03751875937969,0.8434217108554276,-1.217608804402201,0.4469734867433717,-0.7877838,-0.98928976,0.8153874,0.12108761
1.3056528264132066,-0.8454227113556778,-0.733366683341671,0.2668834417208603,1.4024361,0.41226423,-0.6631413,0.21349247
-1.0915457728864433,0.8474237118559276,-0.19709854927463755,-1.545272636318159,-0.8117703,-0.6836772,0.40681693,-1.2284368
0.8674337168584292,1.3036518259129561,-1.9139569784892447,-0.4534767383691847,0.96887994,0.16917293,-0.9110616,-0.6764788
-0.26913456728364205,-1.7958979489744873,0.7593796898449221,1.5972986493246624,-0.49797758,-1.3319211,0.64747393,1.585006
1.2316158079039519,-1.3376688344172085,-0.30915457728864437,-0.3004002001000501,1.3879185,0.11262015,-0.5447585,-0.65370595
-1.2336168084042023,-1.6898449224612306,-1.5077538769384693,-1.349424712356178,-0.18984538,-0.7345372,0.019879946,-1.2776058
-1.7338669334667334,0.8334167083541768,-1.9719859929964982,-1.9819909954977488,-0.34510309,-0.44186467,-0.19904292,-1.4636673
1.4217108554277136,0.591295647823912,-0.0850425212606305,0.5865432716358177,1.511965,0.40196437,-0.092494674,0.55451834
1.6198099049524761,-1.6238119059529765,-0.24712356178089068,-0.5907953976988496,1.237542,0.07045428,-0.48511252,-0.6825789
-1.023511755877939,-0.8734367183591796,-1.9939969984992496,0.7531265632816408,-0.902716,-1.3774316,0.94129133,0.6445655
-1.3996998499249624,0.4692346173086541,0.6333166583291643,1.964232116058029,-1.2405545,-1.3937616,0.8454131,1.9510907
-1.5297648824412207,0.7033516758379186,-0.019009504752376394,-1.020760380190095,-0.9268612,-1.2139436,0.63330996,-1.0316893
0.7533766883441717,1.7898949474737367,-0.9574787393696849,0.6765882941470736,0.8380112,0.9224575,-1.6465809,0.5014789
0.9434717358679339,-0.7893946973486745,0.7893946973486741,0.10030015007503756,1.219543,-0.7436871,1.5019361,-0.10745655
-0.5392696348174089,-0.4992496248124063,0.7673836918459229,2.5,-0.40195113,-1.130074,0.6020612,2.549411
-1.727863931965983,-0.6453226613306655,-0.06703351675837932,2.223111555777889,-1.5636433,-1.3667754,1.0492198,2.1930382
-1.6018009004502252,1.1835917958979487,-0.1490745372686344,-1.6915957978989495,-0.37280378,-0.5145218,0.1540817,-1.2781208
1.393696848424212,0.4972486243121561,0.06303151575787869,1.0862931465732864,1.5180483,0.30150852,0.2678004,1.0633281
0.819409704852426,0.38519259629814906,-1.2256128064032017,1.0660330165082539,0.9346784,-0.46877462,-0.95723534,0.9979592
1.191595797898949,0.8454227113556776,-0.8434217108554278,-1.993246623311656,0.52825636,0.18646547,-0.63201916,-1.3742727
0.7893946973486741,0.4832416208104049,1.6078039019509753,1.2416208104052027,0.87492853,0.41892597,1.6108115,1.1329938
-1.343671835917959,0.131065532766383,0.8754377188594296,-0.10230115057528777,-0.96483916,-1.066509,0.8620712,-0.2435531
-1.9139569784892447,0.29514757378689316,-0.03701850925462735,-0.9779889944972486,-0.62452966,-0.57071054,0.49586788,-1.3655089
0.30715357678839394,-0.9714857428714359,-0.975487743871936,0.21285642821410677,0.5356437,-0.17266011,-0.563461,-0.5084424
0.6153076538269131,-0.6233116558279141,-0.11705852926463245,0.04402201100550274,0.6640427,0.33140093,0.6045288,-0.08668514
1.2776388194097046,1.425712856428214,1.1155577788894444,0.6698349174587293,1.4058434,1.6080635,1.2881358,0.5959038
0.5372686343171584,1.5457728864432214,-0.3191595797898952,0.0800400200100051,0.87329257,0.41735274,-0.13142094,-0.31952468
-1.311655827913957,-1.9299649824912457,1.6498249124562276,-1.6690845422711356,-0.66145515,-0.5984964,0.021135509,-1.5656351
1.1835917958979487,-1.901950975487744,-1.455727863931966,-1.187343671835918,1.0332884,0.3091518,-0.5119083,-1.2834275
-0.021010505252626377,-0.573286643321661,0.4152076038019006,-0.3544272136068034,-0.2257396,-0.5830464,0.2621161,-1.0143591
-0.5512756378189096,0.03701850925462713,-1.8319159579789894,-1.6330665332666334,-0.31100222,-0.64169735,0.078546226,-1.4148809
-0.7073536768384192,-1.165582791395698,1.0095047523761878,0.39969984992496244,-0.7516993,-1.00031,0.8935631,0.38583943
-0.39719859929964985,-0.8694347173586794,0.851425712856428,1.9957478739369683,-0.32982162,-0.84900355,1.2253084,1.9618614
0.6073036518259127,-1.36168084042021,-0.19909954977488753,1.1065532766383188,0.677194,-1.5112337,-0.10859668,1.0738859
-0.03101550775387718,0.03501750875437715,-1.8319159579789894,-0.9284642321160581,-0.12107389,-0.13740958,-0.39441037,-1.3642573
-0.23111555777888948,1.939969984992496,1.4157078539269632,-1.0185092546273138,-0.21683595,-0.43330508,0.24242866,-1.3827219
1.3736868434217104,0.2931465732866432,0.021010505252626377,-1.5722861430715358,1.0544326,0.14372641,-0.58011985,-1.41799
-1.6978489244622312,-1.4377188594297148,1.7918959479739867,-1.3471735867933967,-0.53170675,-0.8633926,0.5842836,-0.7285353
0.39719859929964985,-1.087543771885943,-1.341670835417709,2.254627313656828,0.40592286,-1.2274696,-1.351825,2.2970684
1.0395197598799397,-1.4017008504252126,0.7153576788394194,0.3546773386693345,1.0192246,-0.94570345,0.74320745,0.10389349
-1.4677338669334667,1.1875937968984491,1.4097048524262128,-0.2778889444722361,-0.57304907,-1.0650454,0.80740404,-0.539867
-1.4977488744372187,1.109554777388694,1.6298149074537265,-1.0972986493246624,-0.5899868,-0.8277496,0.44027486,-1.2002758
-1.3036518259129566,1.6258129064532265,-0.8534267133566784,1.959729864932466,-1.1087279,-1.3620106,0.74985427,1.879245
-1.631815907953977,1.8639319659829914,-0.09104552276138089,0.03726863431715843,-0.9586511,-1.288214,1.0214922,0.050025117
0.9034517258629311,1.3696848424212105,1.8559279639819906,1.2258629314657328,0.9175154,1.2137333,1.6902449,1.1879983
1.7818909454727363,-0.6493246623311657,-1.7038519259629816,-0.39494747373686856,1.7646724,0.55080754,-1.1954944,-0.45830435
-0.09304652326163088,-1.5097548774387195,1.8679339669834913,-0.9667333666833418,-0.55707693,-0.57610035,0.5430274,-0.9328547
-1.8279139569784892,-0.05302651325662855,1.3396698349174585,-0.043771885942971656,-1.0183588,-1.046286,0.88094705,-0.026065502
0.4412206103051526,-1.055527763881941,1.9859929964982488,1.1763381690845423,0.45657745,-1.0282305,1.9320575,0.9920022
1.5177588794397194,0.2871435717858928,-1.3516758379189595,0.9534767383691847,1.8615061,0.38266155,-0.47011134,0.86879504
1.6158079039519757,0.707353676838419,1.7858929464732363,1.1088044022011005,1.6645279,0.832335,1.9556475,1.0826089
0.19109554777388693,-1.0455227613806906,-0.40920460230115063,0.18134067033516743,0.16162476,-0.1758217,0.008015138,-0.54647934
-1.073536768384192,1.2416208104052022,-2.0,-1.7388694347173588,-0.35208026,-0.3535376,-0.059274852,-1.6031647
-0.10105052526263147,-0.701350675337669,1.0915457728864428,-0.9644822411205602,-0.273733,-0.47871032,0.29115155,-1.0899296
0.03501750875437715,-1.9819909954977488,-1.421710855427714,1.4599799899949972,0.061441492,-1.7885696,-1.2844448,1.4740101
0.44322161080540257,1.6678339169584788,-0.25712856428214126,-0.46023011505752875,0.6462069,0.3858027,-0.6337927,-1.0812837
-1.8459229614807404,-0.4912456228114057,1.541770885442721,2.1195597798899444,-1.2832661,-1.4095472,0.9880728,2.114333
-0.18709354677338674,1.4137068534267132,-0.8394197098549276,1.3901950975487742,-0.15528922,-0.550539,-1.328607,1.3215743
1.9539769884942468,-1.3316658329164581,-0.9494747373686845,0.13631815907953948,1.9992781,0.5599326,-0.73141885,0.11327496
1.8099049524762378,-1.773886943471736,-0.12306153076538284,0.45822911455727855,1.581996,-0.25277236,-0.29637557,0.4879595
-0.05502751375687853,1.3016508254127062,1.3556778389194597,-1.4214607303651827,-0.079127334,-0.55552906,-0.20706998,-1.2323356
-1.2516258129064533,1.3816908454227113,-0.19309654827413714,-0.6088044022011005,-0.93541676,-1.1927729,0.6954381,-0.6992653
-1.4997498749374687,-0.27313656828414223,0.2151075537768885,1.6828414207103548,-0.995575,-1.4556378,1.2607758,1.6602424
-0.4992496248124063,-0.48524262131065554,-0.46723361680840436,-0.6200600300150076,-0.39934054,-0.8571592,0.28235808,-1.124277
-1.8199099549774886,-0.7293646823411706,-1.4937468734367183,1.387943971985993,-0.89699703,-1.9576817,1.3756368,1.3600614
-1.4677338669334667,-0.12106053026513264,-0.2991495747873938,1.7706353176588294,-0.9816945,-1.6189877,1.3626587,1.7400751
0.22711355677838885,-1.5557778889444722,-0.3691845922961481,1.4262131065532766,0.32836786,-1.7402097,-0.18525738,1.4289273
0.07703851925962946,-0.14107053526763402,0.5872936468234116,-1.885192596298149,0.059732642,-0.45645505,0.33554655,-1.3125751
-0.5012506253126565,0.8154077038519256,0.8394197098549272,-1.464232116058029,-0.6130393,-0.7797405,0.55774456,-1.279613
0.00500250125062518,-0.7213606803401702,1.6978489244622308,0.15432716358179066,-0.31645355,-0.6409315,0.5756192,-0.0038552387
0.22911455727863927,1.919959979989995,-0.009004502251125812,1.5927963981990994,0.25662205,1.3320224,-0.60595274,1.5429918
-0.3431715857928965,-0.2831415707853928,0.88144072036018,0.404202101050525,-0.33647907,-0.5212007,0.9622564,0.29937622
-1.1715857928964484,-1.5497748874437218,-1.6378189094547273,1.4734867433716858,-0.9756635,-1.3378364,0.8291147,1.4048873
-1.9739869934967484,0.4692346173086541,1.6718359179589792,1.0277638819409702,-1.2297059,-1.7643572,1.2574013,0.9708643
-0.3851925962981493,-0.45322661330665337,1.0075037518759378,1.7661330665332664,-0.23984523,-0.8399795,1.3628232,1.73184
1.7018509254627312,-1.9299649824912457,1.2056028014007003,0.06203101550775392,1.1152183,-1.3149258,0.31106606,0.06888896
-0.31715857928964497,-0.5492746373186594,0.32316158079039514,-0.7933966983491747,-0.33831456,-0.40243828,-0.028619196,-1.2638371
1.2376188094047023,-0.5332666333166585,-1.6338169084542271,-0.7078539269634818,1.3629621,0.38368544,-0.9860162,-0.7867604
-1.8439219609804902,-1.1255627813906954,0.47323661830915453,0.05302651325662833,-0.92535985,-1.3320681,0.55639744,0.13391215
-1.8659329664832416,-1.2936468234117058,1.2296148074037014,-0.11130565282641336,-0.9418592,-0.8726471,0.71694523,-0.22664316
0.30715357678839394,-0.9714857428714359,-0.975487743871936,0.21285642821410677,0.46510798,-0.47889555,-0.306392,0.021644201
1.6758379189594796,1.5877938969484742,1.9139569784892445,0.4267133566783392,1.6147927,1.2715214,1.5869421,0.4458485
-0.0790395197598801,-0.3631815907953979,1.1495747873936968,-1.4417208604302152,-0.16952083,-0.50031865,-0.08224544,-1.237348
-0.1610805402701352,1.0615307653826913,0.30115057528764355,1.5185092546273133,-0.09929148,-0.12096255,-0.4892373,1.4006401
-1.8919459729864934,-1.503751875937969,0.14907453726863418,0.7238619309654828,-1.1013178,-1.3964965,0.93097866,0.59390223
0.7173586793396698,-0.10705352676338187,-0.09704852426213129,2.319909954977488,0.794317,-0.16909632,-0.008120702,2.2336204
0.0010005002501247695,1.2996498249124562,0.8674337168584292,0.47398699349674844,0.0294644,0.60317916,-0.15856029,0.45705178
-1.9859929964982492,1.9859929964982488,-1.7538769384692348,2.391945972986493,-1.628351,-1.2710345,1.0368774,2.3886988
1.7038519259629812,-1.8219109554777388,-0.013006503251626,-1.1288144072036017,0.931254,0.19675632,-0.893078,-1.1914542
1.0015007503751874,-0.05702851425712874,0.07703851925962946,-1.468734367183592,0.24065046,0.05367956,-0.46769542,-1.213116
0.8934467233616807,-0.7133566783391696,1.3256628314157077,-0.7146073036518259,0.81097275,-0.29852653,1.1111039,-1.1649292
-1.4997498749374687,-0.27313656828414223,0.2151075537768885,1.6828414207103548,-1.0484115,-1.3895633,0.7044046,1.6473429
-0.9794897448724362,-1.0415207603801901,-1.105552776388194,1.228114057028514,-0.8428109,-1.4866102,1.0476984,1.1091106
0.28314157078539237,-1.8299149574787394,1.1875937968984491,-1.5340170085042522,-0.2758323,-0.24510068,-0.24679148,-1.2227936
-1.0675337668834417,0.6153076538269131,-0.8354177088544272,0.5595297648824409,-0.88446397,-0.92267656,0.49046335,0.43937027
1.4137068534267132,-1.68184092046023,0.3331665832916455,-0.9082041020510256,1.4212888,0.09332423,-0.936947,-1.2806864
-0.16708354177088558,0.4072036018009002,-1.9559779889944973,2.3491745872936463,-0.081242375,-1.5935761,-1.73423,2.3481238
-0.6233116558279141,-1.3336668334167086,-1.7658829414707353,-0.1540770385192598,-0.64882344,-0.78520405,0.3693755,-0.53713554
0.22711355677838885,-0.04902451225612814,-1.423711855927964,-1.8176588294147074,-0.109658435,-0.22243711,0.022232555,-1.340389
1.7018509254627312,-1.9299649824912457,1.2056028014007003,0.06203101550775392,1.0123929,-1.3991162,0.21898723,0.18850692
-1.9479739869934967,-1.4337168584292148,0.9154577288644319,1.0030015007503752,-1.1841228,-1.318716,1.1463833,0.9672648
1.4557278639319655,-1.775887943971986,1.8799399699849921,0.22636318159079538,0.9894443,-1.1679084,1.5355064,-0.07140051
0.8094047023511752,-1.0315157578789396,-0.47723861930965494,0.6563281640820411,0.89575166,-0.78171766,-0.20789461,0.613399
-1.3396698349174587,-0.26713356678339184,0.8314157078539268,2.4864932466233114,-1.0240414,-1.1907699,0.82537,2.4737809
-1.0435217608804401,1.9239619809904949,1.1155577788894444,0.8386693346673337,-1.2871526,-0.73250043,0.53878206,0.75453824
1.459729864932466,-1.6578289144572287,-0.08704352176088048,1.0480240120060027,1.4398711,-1.4131218,-0.22359723,1.0072403
-0.21110555277638832,-1.2236118059029515,0.8834417208604299,1.808904452226113,-0.17159413,-1.3272462,1.0481431,1.8091348
-0.71735867933967,-1.3136568284142072,-0.5452726363181593,-1.6443221610805403,-0.631206,-0.67588526,0.22189721,-1.3794149
-0.5872936468234118,-0.47723861930965494,0.025012506253126343,1.4104552276138067,-0.49674478,-0.94249207,0.40566844,1.4147102
-1.4277138569284644,-1.793896948474237,0.9374687343671835,-1.7231115557778889,-0.60998124,-0.3124803,0.34644952,-1.3397273
1.0435217608804401,-1.055527763881941,1.6738369184592292,0.627063531765883,0.87392676,-0.7622278,1.624433,0.55037737
-1.3976988494247125,0.013006503251625556,0.2171085542771385,-1.5655327663831917,-0.48214373,-0.6883943,-0.14059885,-1.3517131
1.4917458729364679,1.569784892446223,0.10305152576288146,0.593296648324162,1.6283364,0.5866776,-0.15361696,0.5563038
-1.2656328164082042,0.18109054527263613,-1.5617808904452226,0.4897448724362179,-0.96345204,-1.0608007,0.64302075,0.37463537
1.6398199099549773,-1.0855427713856929,-0.9074537268634317,-0.2778889444722361,1.6166754,0.4696456,-0.75436187,-0.30451936
-1.5897948974487244,-1.7878939469734867,1.3536768384192093,-1.2233616808404202,-0.53579044,-1.010256,0.33031422,-1.0210526
-1.1175587793896948,0.6133066533266631,0.16708354177088536,-0.7348674337168586,-0.6239154,-0.82154673,0.39914453,-1.1908554
-0.4632316158079042,1.057528764382191,-0.9414707353676839,1.1178089044522261,-0.5002586,-0.6533436,-0.38917163,0.86129797
-0.5772886443221612,-1.659829914957479,-1.7238619309654828,2.202851425712856,-0.44814,-1.7940453,-0.9858062,2.1980362
-1.565782891445723,-1.4597298649324664,-0.4872436218109055,0.08229114557278638,-0.89503783,-1.1855165,0.6418223,-0.02866413
-0.301150575287644,-1.03751875937969,1.1655827913956975,0.8746873436718356,-0.47124815,-0.8616899,1.1408716,0.86347204
-0.10505252626313166,0.8474237118559276,-0.5772886443221612,2.4527263631815908,-0.07531947,0.31703818,-0.67577696,2.3725507
1.9539769884942468,-1.1455727863931968,1.893946973486743,1.0975487743871932,1.6650969,-1.0239273,1.502858,1.078667
-0.6633316658329165,1.9299649824912453,1.397698849424712,0.6293146573286643,-0.4383914,-0.8860778,0.2664409,0.53895193
1.9779889944972484,0.2611305652826412,0.5012506253126561,0.10255127563781885,1.6292828,0.61295676,-0.018162375,0.1332158
0.4232116058029014,-0.3771885942971487,0.7673836918459229,-1.9347173586793396,-0.2261731,-0.3644325,-0.061858468,-1.4978923
1.8399199599799898,1.2656328164082038,1.8699349674837418,-1.2031015507753877,1.0114865,0.05456065,-0.14124924,-1.085698
0.9554777388694347,-0.043021510755377745,1.2596298149074534,-1.9909954977488744,0.31190383,0.043152776,0.07086816,-1.5692754
0.44522261130565255,1.631815907953977,-0.6993496748374188,0.6135567783891944,0.49393073,-0.49429128,-1.3029393,0.5687589
0.4852426213106553,1.057528764382191,0.303151575787894,-0.4939969984992496,0.7177978,0.29262158,-0.23537508,-0.85378635
0.11905952976488221,1.0615307653826913,-1.7858929464732367,-0.5345172586293148,0.103735134,-0.55774325,-0.5212893,-0.5486953
1.0695347673836917,-0.4492246123061532,1.5517758879439718,2.439219609804902,1.2009511,-0.60612386,1.6335305,2.4727633
-1.2516258129064533,1.3816908454227113,-0.19309654827413714,-0.6088044022011005,-0.5971657,-0.7612133,0.68207043,-0.99045384
0.849424712356178,0.4252126063031514,1.2956478239119558,2.229864932466233,0.8527734,0.42397133,1.322451,2.2488723
-0.17508754377188618,1.5477738869434714,-1.393696848424212,0.9242121060530262,-0.15278485,-0.37587696,-1.1190022,0.6071229
-0.46723361680840436,0.18109054527263613,1.8519259629814906,-0.48499249624812424,-0.6497699,-0.788565,0.5010022,-0.66646343
-0.6313156578289145,-0.5352676338169085,0.43921960980490216,0.23761880940470226,-0.3891449,-1.0527527,0.785303,-0.39254895
-0.23111555777888948,1.939969984992496,1.4157078539269632,-1.0185092546273138,-0.32791528,-0.5377928,0.34374425,-1.2182782
-0.16908454227113578,-0.2151075537768885,0.03301650825412672,1.5005002501250622,-0.10437486,-0.6711993,-0.14150847,1.4447787
0.37718859429714824,0.8314157078539268,1.7278639319659828,-0.3431715857928965,0.44074237,0.0975324,0.9949123,-0.8282475
-1.1715857928964484,1.7858929464732363,-0.8414207103551776,-0.023511755877938967,-0.80055535,-1.1761616,0.8926905,-0.20641273
-0.03501750875437737,0.8634317158579288,-0.6513256628314159,2.2793896948474233,0.00080596,-0.1747058,-0.95741415,2.2522721
1.4437218609304652,-1.629814907453727,-1.9299649824912457,0.19034517258629302,1.516047,0.96614337,-1.292235,0.14332166
-0.047023511755878156,1.1535767883941968,-1.8739369684842422,-0.6065532766383193,0.04939318,0.030863244,-0.34752545,-1.3483007
0.9014507253626811,-0.6713356678339171,-1.2396198099049527,1.0525262631315657,0.9434998,-0.14908758,-1.1482034,1.0220392
0.8314157078539268,0.9734867433716858,0.131065532766383,0.8341670835417707,0.8945775,1.0948422,0.44971973,0.8181305
1.2476238119059526,-0.8654327163581792,-0.6233116558279141,-1.792896448224112,0.41810274,-0.06729147,-0.458771,-1.3847704
0.7473736868434213,-0.39919959979990005,0.9054527263631815,0.6338169084542269,1.1072431,-0.5131505,1.458713,0.31128928
1.9599799899949972,-1.469734867433717,-1.0175087543771886,-1.9752376188094047,0.826299,0.28631675,-0.7658976,-1.5808951
-1.4737368684342171,0.4052026013006502,1.889944972486243,0.2691345672836416,-1.0388418,-1.4577781,0.89876026,0.2844417
-1.4757378689344671,0.3151575787893943,-0.32316158079039536,1.417208604302151,-1.0933033,-1.5637256,0.96816874,1.3698397
-0.5812906453226614,1.9779889944972484,1.5257628814407203,0.22186093046523236,-0.5318226,-0.71513695,0.36382177,-0.16638961
-0.31515757878939477,0.705352676338169,0.4912456228114057,0.5032516258129065,-0.51795936,-0.3990744,0.25374034,0.13373715
-0.16508254127063537,-0.6293146573286645,0.303151575787894,1.7413706853426714,-0.05191683,-0.9246561,0.6226777,1.642871
-1.6398199099549775,1.9159579789894945,0.735367683841921,0.7913956978489245,-0.98092675,-1.6776934,1.3217163,0.76417017
-1.631815907953977,1.8639319659829914,-0.09104552276138089,0.03726863431715843,-0.7188425,-1.3589698,0.90300465,-0.16972674
-0.7273636818409206,-0.2791395697848926,0.303151575787894,-1.2616308154077038,-0.5235989,-0.73949325,0.42141363,-1.1809224
-0.2791395697848926,1.0735367683841917,-1.279639819909955,0.5100050025012504,-0.220339,-0.8545787,-0.63025385,0.326734
-1.3996998499249624,0.4692346173086541,0.6333166583291643,1.964232116058029,-1.2614572,-1.5175755,0.8044258,1.9257824
-1.6978489244622312,1.2416208104052022,-0.12106053026513264,2.432466233116558,-1.0451056,-1.5057806,0.8985826,2.436796
-0.8514257128564282,-0.3511755877938971,-1.8599299649824912,1.4667333666833415,-0.6974886,-1.1552651,0.26507095,1.381546
0.5472736368184092,-0.6533266633316659,1.2696348174087042,-1.394447223611806,0.22445056,-0.23801887,-0.034109797,-1.5152917
-1.2436218109054527,-0.7233616808404204,-0.8334167083541772,0.8746873436718356,-0.85433084,-1.501977,1.0449177,0.6876502
-0.10105052526263147,-0.701350675337669,1.0915457728864428,-0.9644822411205602,-0.36704093,-0.5457655,0.4164364,-1.1117579
-0.701350675337669,0.23911955977988963,-1.453726863431716,0.23986993496748354,-0.5990429,-1.4257424,0.34677476,-0.06593218
0.07703851925962946,-0.14107053526763402,0.5872936468234116,-1.885192596298149,0.24729602,-0.14325988,-0.24320744,-1.513047
-0.7893946973486745,-0.17108554277138577,0.9054527263631815,1.2843921960980489,-0.6891918,-0.61576426,0.4836518,1.2029041
-1.8019009504752377,-1.277638819409705,-0.7113556778389196,-1.9572286143071536,-0.23476844,-0.45427155,0.08639472,-1.7054715
0.5552776388194096,1.0915457728864428,-1.1935967983991995,-0.39044522261130576,0.7958975,-0.045023255,-0.2348814,-0.5795055
-0.005002501250625402,0.061030515257628704,-0.31715857928964497,-0.5862931465732868,0.007852518,-0.027593829,0.1440277,-1.08755
0.28314157078539237,-1.663831915957979,1.507753876938469,-1.538519259629815,-0.44116566,-0.52135646,0.5184214,-1.5022662
0.8054027013506753,1.3916958479239616,0.5352676338169085,0.6090545272636319,0.9416021,1.0952545,0.42159647,0.45261717
1.3056528264132066,-0.9954977488744372,0.46323161580790373,1.4644822411205602,1.3287779,-1.1568053,0.52783877,1.4990654
1.6158079039519757,0.707353676838419,1.7858929464732363,1.1088044022011005,1.6779642,0.5726436,1.7881337,1.094495
-1.2576288144072036,1.7218609304652324,0.7193596798399198,-1.3696848424212107,-0.48693058,-0.746487,0.317139,-1.2542439
1.5837918959479738,-1.5857928964482242,0.2011005502751373,0.24887443721860913,1.417612,-0.60342675,0.12793119,0.22821556
-1.19559779889945,0.8594297148574284,-0.4392196098049026,-0.0820410205102553,-0.6854409,-1.1939274,0.47312126,-0.41136917
1.8019009504752375,-1.3356678339169585,1.4977488744372183,0.2938969484742371,1.3937718,-0.95774597,0.97157216,0.34736338
0.6173086543271635,0.447223611805903,1.3816908454227113,-0.31165582791395696,0.80402005,0.5056502,1.0576906,-0.6785055
0.5292646323161581,-1.5637818909454728,-1.263631815907954,-0.5727863931965984,0.5944875,-0.19682413,-0.7372132,-1.017435
1.393696848424212,1.4517258629314655,1.7418709354677335,0.04852426213106531,1.3927295,1.0966762,1.173987,0.02291144
-1.1175587793896948,0.6133066533266631,0.16708354177088536,-0.7348674337168586,-0.6050319,-0.6463505,0.2838205,-0.7745026
-0.32116058029014516,-1.023511755877939,0.9774887443721858,0.22186093046523236,-0.437378,-0.8864284,0.3189737,0.12796228
1.0035017508754374,-0.3691845922961481,-1.2096048024012007,0.32541270635317643,1.3208678,-0.06369191,-0.731447,0.089066945
-1.03751875937969,0.8434217108554276,-1.217608804402201,0.4469734867433717,-0.9679159,-1.3684375,0.83610564,0.28398147
-0.5012506253126565,0.9694847423711854,1.253626813406703,0.915207603801901,-0.424075,-0.38168228,0.18916744,0.8952267
-1.1915957978989495,-0.4252126063031516,1.8639319659829914,0.5910455227613807,-0.8977269,-0.9098064,0.6585472,0.54561734
-1.727863931965983,-0.6453226613306655,-0.06703351675837932,2.223111555777889,-1.1547171,-1.6544175,1.0602819,2.2516358
-1.3996998499249624,0.4692346173086541,0.6333166583291643,1.964232116058029,-0.8972218,-1.5082357,1.1862915,1.9231023
0.4252126063031514,1.0075037518759378,-0.9254627313656829,0.8769384692346174,0.4124646,0.7514562,-0.7877113,0.97872186
-1.263631815907954,0.03701850925462713,0.44522261130565255,1.3991995997998998,-0.9252733,-1.3881366,0.97816205,1.3360652
0.07703851925962946,-0.14107053526763402,0.5872936468234116,-1.885192596298149,-0.27808985,-0.45324746,0.16840875,-1.5612023
-0.38919459729864947,-1.2356178089044523,0.4132066033016506,-1.7163581790895448,-0.51570207,-0.81192994,0.5013504,-1.5093008
1.1855927963981987,-1.9119559779889945,-0.33716858429214613,-0.03251625812906456,1.0194685,-0.017566746,-0.7968681,-0.28847653
-1.0195097548774388,1.4437218609304652,-1.0335167583791898,-0.6448224112056029,-0.94650954,-1.0368837,0.74206316,-0.8145693
0.531265632816408,1.2016008004002,0.39319659829914944,-1.1558279139569785,0.6562012,-0.020533435,-0.4654451,-1.2199854
-1.4897448724362181,1.4397198599299648,0.3471735867933967,1.1268134067033517,-0.989149,-1.5019864,1.1341268,1.0635259
-0.18309154577288655,1.479739869934967,0.8874437218609303,-0.10455227613806906,-0.26155126,-0.20181358,0.107787974,-0.8635637
-0.005002501250625402,-1.6018009004502252,-1.599799899949975,-0.7078539269634818,-0.19658104,-0.5572834,-0.27017507,-1.0208666
-1.3036518259129566,1.6258129064532265,-0.8534267133566784,1.959729864932466,-1.1710787,-1.0223452,0.74805546,1.9557806
0.14307153576788378,-0.7773886943471737,1.0175087543771886,2.2073536768384194,0.18036547,-0.8066785,1.0969304,2.1778913
-0.9574787393696849,-1.4777388694347176,-0.6793396698349174,-0.7123561780890446,-0.48933607,-0.8027733,0.43592924,-1.0275414
-0.4972486243121561,-0.6553276638319161,0.19109554777388693,-1.0477738869434718,-0.58276993,-0.82468665,0.5367469,-1.2359518
0.2811405702851424,-1.453726863431716,0.277138569284642,0.8431715857928963,0.28521287,-1.3586954,0.27616906,0.7792346
0.5952976488244119,-0.27313656828414223,0.2111055527763881,1.4982491245622809,0.6449747,-0.4525544,0.23761259,1.4373761
1.5237618809404698,-0.287143571785893,0.9394697348674335,-1.2076038019009505,0.4475507,0.0953844,-0.17761338,-0.963751
0.44322161080540257,1.6678339169584788,-0.25712856428214126,-0.46023011505752875,0.46233407,0.29397342,-0.66982824,-0.8337859
0.36318159079539747,-1.6218109054527263,1.5017508754377187,2.211855927963982,0.4121859,-1.550225,1.7523743,2.1764843
1.8519259629814906,-1.2516258129064533,0.7493746873436717,-1.2728864432216107,1.1741726,0.038375694,-0.5676672,-1.230094
1.0695347673836917,-0.4492246123061532,1.5517758879439718,2.439219609804902,1.2805091,-0.5409583,1.8288057,2.3418605
0.15907953976988498,-1.425712856428214,0.3151575787893943,-1.948224112056028,0.18186302,-0.32063106,-0.3507159,-1.1480694
1.0675337668834417,0.7953976988494245,-1.9239619809904953,-1.1850925462731365,0.89988625,-0.017500125,-0.9915727,-1.06802
-0.12906453226613324,-1.069534767383692,-0.05702851425712874,0.6090545272636319,-0.19335702,-0.82781196,0.21351203,0.27865013
0.6973486743371682,1.775887943971986,1.3516758379189593,-1.007253626813407,0.9134313,0.0055199987,0.51208127,-1.0254655
0.5392696348174084,-1.9119559779889945,-1.1115557778889444,1.590545272636318,0.457876,-0.90946406,-1.6255887,1.5806801
0.9414707353676834,-0.15907953976988498,0.4912456228114057,-1.5700350175087543,0.5710286,0.16523312,-0.5876283,-1.5301915
-0.2231115557778891,-1.5477738869434718,-1.295647823911956,0.8656828414207101,-0.17558765,-1.0681779,-0.7910771,0.7920615
-1.6978489244622312,-1.4377188594297148,1.7918959479739867,-1.3471735867933967,-0.41271996,-0.33984908,-0.20574374,-1.5313045
0.39719859929964985,-1.087543771885943,-1.341670835417709,2.254627313656828,0.47397417,-1.517299,-1.0645386,2.253151
0.7453726863431713,-1.5757878939469734,1.7598799399699847,1.7121060530265129,0.81196773,-1.4824213,2.0556073,1.6582308
-1.4977488744372187,1.109554777388694,1.6298149074537265,-1.0972986493246624,-0.48430157,-0.4254679,0.31141964,-1.1176594
-1.501750875437719,-1.3836918459229617,0.1210605302651322,0.8949474737368681,-0.66410846,-1.6121304,1.3258156,0.8901654
0.5492746373186592,1.0095047523761878,-1.5957978989494748,-1.308904452226113,0.35296723,0.20583513,-0.32234108,-1.371817
0.14507253626813377,1.5057528764382186,1.023511755877939,-0.1563281640820411,0.30753058,-0.079354905,-0.13028012,-0.90365803
1.9259629814907453,1.7598799399699847,-1.103551775887944,-0.9712356178089045,1.658063,0.23057565,-0.05568557,-1.0184999
0.8454227113556776,1.0855427713856924,0.5872936468234116,1.2168584292146072,0.88559014,1.0131269,0.5426111,1.1850349
0.30715357678839394,-0.9714857428714359,-0.975487743871936,0.21285642821410677,0.30721417,-0.30680645,-1.2355007,-0.04199179
0.5292646323161581,-1.5637818909454728,-1.263631815907954,-0.5727863931965984,0.5782745,-0.72828406,-0.20712282,-0.7335053
0.6313156578289143,0.025012506253126343,-0.05502751375687853,0.260130065032516,0.9072426,-0.07198213,0.04520168,-0.14301537
0.737368684342171,-0.7153576788394198,0.8074037018509252,1.7368684342171083,0.7776579,-0.83596456,0.8508118,1.7373097
-0.12906453226613324,-1.069534767383692,-0.05702851425712874,0.6090545272636319,-0.15420596,-0.6073304,0.2581565,0.5275774
-0.5692846423211606,-0.3851925962981493,-0.12506253126563305,0.8634317158579288,-0.5344066,-0.38140783,0.4037885,0.75127435
-1.3396698349174587,-0.26713356678339184,0.8314157078539268,2.4864932466233114,-1.1899707,-1.3120412,1.0016211,2.4447982
0.3511755877938967,-1.6118059029514757,-1.1015507753876939,0.15882941470735368,0.503159,-0.496751,-0.23432994,-0.556562
0.8374187093546772,-0.34517258629314673,0.8994497248624311,-1.7456228114057029,0.37420896,-0.3860873,-0.46050334,-1.485672
-1.597798899449725,1.0615307653826913,1.971985992996498,-0.2891445722861432,-0.856429,-1.3884434,0.92703336,-0.34814563
1.8139069534767382,-0.6293146573286645,-0.285142571285643,-1.0005002501250626,1.4964626,0.45653942,-0.8537386,-0.90948087
0.38319159579789863,1.7878939469734867,-1.0575287643821911,-0.1630815407703854,0.66612136,-0.36861426,-0.89482456,-0.82185453
0.4112056028014006,0.3951975987993994,0.4312156078039018,-0.3049024512256129,0.23816986,0.052665535,0.043091707,-1.0955832
0.22911455727863927,-1.67983991995998,-2.0,1.9147073536768384,0.24716906,-1.4431127,-1.7362776,1.8907547
-1.2116058029014507,-1.8959479739869936,-1.2616308154077038,-0.6313156578289145,-0.6238451,-1.1396637,0.88554204,-0.7806591
-0.08104052026013031,0.14507253626813377,0.9254627313656827,-0.9734867433716858,-0.12207667,-0.21352284,0.075943686,-1.1757214
-1.8379189594797398,-0.6713356678339171,-1.0135067533766884,-0.19459729864932473,-0.9289408,-1.2119251,0.7828662,-0.4078693
-0.24712356178089068,-0.26913456728364205,1.9179589794897445,-1.106303151575788,-0.63952714,-0.6985383,0.16953893,-1.4965496
-0.6233116558279141,1.5597798899449722,0.32316158079039514,-1.8536768384192097,0.11673437,-0.01023391,-0.4106107,-1.6373683
-1.4497248624312156,-1.7298649324662332,0.8674337168584292,1.2078539269634816,-1.4917957,-0.9506854,0.8571175,1.2187405
-1.5957978989494748,-0.48924462231115573,-0.10705352676338187,0.6765882941470736,-0.92144954,-1.1363424,1.0102675,0.6171342
-0.9194597298649325,0.8934467233616807,-0.687343671835918,0.9039519759879937,-0.915573,-1.087341,0.45874533,0.7533915
0.1350675337668834,-0.6573286643321661,-0.9474737368684343,-1.452976488244122,0.143657,-0.054463226,-0.40893847,-1.5418613
0.5212606303151572,1.3296648324162077,0.43921960980490216,-0.9082041020510256,0.79825014,0.03591565,-0.10210796,-1.3160907
0.3211605802901447,1.8439219609804898,1.1295647823911952,-0.2823911955977989,0.5091905,0.2410512,0.02611038,-0.7500767
-0.6233116558279141,1.5597798899449722,0.32316158079039514,-1.8536768384192097,-0.086145476,-0.34054738,0.09705517,-1.3781533
-0.6233116558279141,-1.6258129064532265,-0.9734867433716858,-0.6875937968984493,-0.75192773,-0.5306814,0.27937275,-1.060897
-0.3051525762881442,-1.9899949974987494,-0.9134567283641821,1.1335667833916956,-0.322444,-1.2193195,0.23342687,0.70479274
-0.605302651325663,1.397698849424712,1.6478239119559777,-0.6403201600800401,-0.5669391,-0.6029997,0.41139668,-0.892834
1.2076038019009503,1.281640820410205,1.7798899449724859,1.0772886443221608,1.2806389,1.1986772,1.8376846,1.046351
-1.501750875437719,-1.3836918459229617,0.1210605302651322,0.8949474737368681,-0.9446064,-1.7543895,1.3735825,0.7745407
0.5112556278139069,-0.6793396698349174,1.1795897948974483,1.3789394697348674,0.54571265,-0.6831283,1.3494877,1.3193356
-1.5177588794397199,0.9674837418709354,1.7058529264632312,-1.7366183091545773,-0.3971339,-0.27277857,-0.14253834,-1.4669101
-1.0135067533766884,1.5297648824412202,0.5692846423211604,1.1088044022011005,-0.70963144,-1.3201988,0.5496948,1.0267859
-1.2756378189094548,-0.5092546273136569,-1.6938469234617308,1.516258129064532,-0.8626696,-1.4520031,0.53466463,1.4360766
-0.5632816408204102,0.24112056028014006,1.4637318659329663,0.019259629814907253,-0.83125734,-0.68003196,0.5009146,-0.060397446
0.07703851925962946,-0.14107053526763402,0.5872936468234116,-1.885192596298149,-0.066247866,-0.24581525,-0.118174374,-1.4532769
-0.7073536768384192,1.459729864932466,0.6193096548274135,-0.5907953976988496,-0.49338368,-0.27726912,0.090715155,-1.0127678
-0.005002501250625402,0.061030515257628704,-0.31715857928964497,-0.5862931465732868,0.24714051,-0.050534524,0.36658505,-1.1033298
0.7733866933466733,1.221610805402701,-0.71935967983992,-0.32516258129064535,1.0859717,0.38443172,-1.0733684,-0.61795485
-1.4977488744372187,1.109554777388694,1.6298149074537265,-1.0972986493246624,-0.50613374,-0.9669201,0.20819572,-1.2228026
0.3671835917958979,0.8734367183591796,0.6113056528264131,0.7823911955977989,0.41361135,0.8425503,0.5644762,0.7498903
1.7018509254627312,-1.9299649824912457,1.2056028014007003,0.06203101550775392,1.006046,-1.3189883,0.052499756,0.07649751
-1.7158579289644822,0.10105052526263103,-0.11905952976488265,0.6855927963981991,-0.97741884,-1.2507273,0.7550124,0.715967
1.68384192096048,-0.32916458229114576,-0.6193096548274137,-1.5655327663831917,0.7768915,0.29644346,-0.57528454,-1.2953411
1.0095047523761878,0.44522261130565255,0.9374687343671835,0.12281140570285132,1.0754521,0.34074622,1.0621309,0.096128985
-1.631815907953977,1.8639319659829914,-0.09104552276138089,0.03726863431715843,-1.0557882,-0.8363787,0.5167348,-0.15938489
1.477738869434717,0.8054027013506753,1.7198599299649824,0.9264632316158079,1.569727,0.7199404,1.6771562,0.8673867
0.37518759379689826,0.7113556778389194,-1.967983991995998,2.0385192596298145,0.42071354,-0.62558824,-1.7347617,2.050466
-1.7618809404702351,-1.3456728364182091,-1.391695847923962,-1.3269134567283642,-0.48907387,-0.60288334,0.46789426,-1.4082419
0.7473736868434213,-0.39919959979990005,0.9054527263631815,0.6338169084542269,0.9430098,-0.35162768,1.2736106,0.33912995
-1.855927963981991,-1.3976988494247125,-1.3076538269134568,1.80440220110055,-1.2451096,-1.7454587,1.3339835,1.8119383
0.4412206103051526,-1.055527763881941,1.9859929964982488,1.1763381690845423,0.66945225,-1.1452236,2.3401487,1.1526604
-0.4632316158079042,1.057528764382191,-0.9414707353676839,1.1178089044522261,-0.29800683,-0.9267124,-0.26577628,0.90507305
-0.26513256628314164,0.2871435717858928,0.045022511255627506,-1.0995497748874437,-0.3142503,-0.44034833,0.37945935,-1.2084497
-0.20710355177588813,1.4757378689344671,0.4052026013006502,-1.279639819909955,-0.30486766,-0.3979988,-0.11454799,-1.5479026
-0.3691845922961481,1.9459729864932465,1.5317658829414706,0.2803901950975485,-0.23335475,-0.48929676,-0.24340835,0.23184398
0.9814907453726862,-0.40520260130065044,-1.629814907453727,-1.5115057528764382,0.8636088,0.06650227,-0.5120497,-1.2876405
0.061030515257628704,-1.3776888444222113,0.9454727363681839,-1.0410205102551275,-0.35097516,-0.50404555,0.38028786,-1.2993126
0.447223611805903,-1.599799899949975,-1.9579789894947475,0.9939969984992496,0.4268997,-0.40384993,-1.6377318,0.9951358
0.8474237118559276,-0.09904952476238127,1.6778389194597296,-1.036518259129565,0.56427246,-0.040825453,-0.014306808,-1.2195411
0.673336668334167,-0.7773886943471737,0.6013006503251623,-1.5655327663831917,0.15328611,-0.32456884,-0.59227574,-1.5167278
-0.24712356178089068,-0.26913456728364205,1.9179589794897445,-1.106303151575788,-0.27578697,-0.55134714,0.37939528,-1.227785
-1.6918459229614808,1.1315657828914456,-0.40920460230115063,0.11830915457728874,-1.1516457,-1.1686,0.85239613,0.10774533
-0.6293146573286645,0.8714357178589291,-1.6178089044522261,0.019259629814907253,-0.7684708,-0.7510534,0.2978789,-0.33935678
-1.629814907453727,-0.10705352676338187,-0.7813906953476739,-0.052776388194097246,-1.0221766,-1.2991769,0.76447356,-0.18668714
-0.39319659829914966,-1.5817908954477238,-0.051025512756378344,1.3361680840420207,-0.5387865,-0.94559735,0.15742311,1.2968469
0.9434717358679339,-0.4912456228114057,-1.4197098549274638,-2.0,0.47925287,-0.09480999,-0.42989823,-1.4011639
1.477738869434717,0.8054027013506753,1.7198599299649824,0.9264632316158079,1.5879519,0.72904515,1.8087436,0.8816849
0.791395697848924,-0.6513256628314159,0.9214607303651823,-1.2301150575287645,0.67155355,-0.2914853,0.0139899235,-1.3575045
-1.727863931965983,-0.6453226613306655,-0.06703351675837932,2.223111555777889,-1.2629848,-1.3454735,0.77475893,2.2697728
0.4752376188094045,-1.0395197598799402,-1.6158079039519762,2.362681340670335,0.542394,-1.6668801,-1.4324397,2.361422
1.7198599299649824,0.7213606803401698,0.4812406203101549,-1.1130565282641323,1.2634704,0.44890222,-0.4066537,-1.1045774
-0.5372686343171587,0.9114557278639319,-1.8679339669834918,-1.8424212106053026,-0.45774072,-0.8455466,0.20696871,-0.9743186
-0.7253626813406704,0.7973986993496744,1.9239619809904949,-0.8361680840420211,-0.5138652,-0.8738302,0.33239532,-1.0077952
-1.6398199099549775,0.2011005502751373,-1.4357178589294648,-0.5547773886943472,-0.72485894,-1.1638898,0.77705234,-0.87383693
-0.05302651325662855,1.7738869434717355,0.20710355177588768,-0.8834417208604304,0.06123601,-0.27970454,-0.14911027,-1.1118158
-1.8999499749874937,-0.55927963981991,1.8959479739869933,0.14532266133066507,-0.8100901,-1.3610616,1.0896775,0.03765048
0.8094047023511752,-0.46923461730865434,1.285642821410705,0.6788394197098548,0.9495351,-0.5576505,1.5296854,0.60246795
-0.2971485742871436,1.7438719359679835,0.6353176588294147,1.3294147073536768,-0.2250434,-0.17771737,-0.69479054,1.2497162
-0.32116058029014516,-1.023511755877939,0.9774887443721858,0.22186093046523236,-0.4593164,-0.64106095,0.77252966,0.22380953
-1.5317658829414706,-0.6833416708354179,-1.8799399699849926,-1.0590295147573787,-0.78977317,-0.41119966,0.24735531,-1.2286819
0.6693346673336666,1.0655327663831913,0.45522761380690335,-0.437718859429715,1.0618192,0.52074504,-0.1304388,-0.77520514
0.15907953976988498,-1.425712856428214,0.3151575787893943,-1.948224112056028,-0.07809242,-0.5794514,0.37834293,-1.3127319
-1.3696848424212107,1.765882941470735,1.9379689844922456,-0.25087543771885956,-1.0247997,-1.2449423,0.5539277,-0.321176
0.853426713356678,1.0215107553776885,2.0,2.2343671835917958,0.9494221,1.0303026,2.2038388,2.1008415
-1.9159579789894947,-0.5392696348174089,-1.5617808904452226,0.9309654827413705,-1.009754,-1.7393693,1.3230581,0.8494867
1.5057528764382186,0.11305652826413182,-0.2831415707853928,0.2803901950975485,1.7183776,0.14503105,-0.2909459,0.15725866
-0.9694847423711856,-1.3676838419209605,1.3896948474237116,0.06878439219609778,-1.090246,-1.1929199,0.5926909,0.06701396
0.8294147073536768,-0.6413206603301651,-0.27313656828414223,0.07778889444722337,1.0092859,-0.3834463,0.18295401,0.047004756
1.2336168084042018,-0.20310155077538772,0.3511755877938967,-1.1670835417708854,1.2508756,0.27529755,0.308329,-1.2419647
-0.5692846423211606,-0.3851925962981493,-0.12506253126563305,0.8634317158579288,-0.41241792,-0.80816215,0.35433272,0.78305155
-0.26313156578289165,1.6898449224612304,-1.1795897948974488,1.833666833416708,-0.14856021,-1.9629364,-1.8438128,1.8467084
1.1935967983991995,-0.029014507253626975,-1.8499249624812406,-1.4889944972486244,0.871549,0.23057744,-0.47635782,-1.4813608
0.4252126063031514,1.0075037518759378,-0.9254627313656829,0.8769384692346174,0.52417547,0.75865644,-0.61402756,0.6516514
0.4132066033016506,0.2911455727863932,0.9054527263631815,-1.0882941470735368,0.15886097,0.028601034,0.21350949,-1.3493851
0.417208604302151,1.6198099049524761,-1.3656828414207105,-1.8244122061030517,0.49374047,0.0760061,-0.56416595,-1.5278546
0.4292146073036518,-1.0975487743871937,1.0855427713856924,2.362681340670335,0.43000987,-1.134829,1.0231185,2.4145977
0.4852426213106553,1.057528764382191,0.303151575787894,-0.4939969984992496,0.9283434,0.23683357,0.4757412,-1.221167
1.857928964482241,1.1135567783891944,-1.2296148074037019,-1.32016008004002,1.0302919,0.4710056,-1.0239227,-1.2048129
-1.7818909454727363,0.6293146573286643,-0.06703351675837932,1.952976488244122,-0.792961,-2.109422,1.8379879,1.921592
0.6993496748374186,1.1335667833916956,0.5112556278139069,1.3069034517258626,0.745063,0.8864309,0.28451982,1.2846497
1.3736868434217104,0.2931465732866432,0.021010505252626377,-1.5722861430715358,0.8706205,0.36663488,-0.6858172,-1.482245
1.191595797898949,-0.3491745872936469,-1.969984992496248,-0.6470735367683842,1.377489,0.6753754,-1.2072555,-0.8998428
-0.5872936468234118,-0.47723861930965494,0.025012506253126343,1.4104552276138067,-0.47508696,-0.87119704,0.027397761,1.364543
-0.8514257128564282,-1.1875937968984491,0.7973986993496744,-1.378689344672336,-0.48216188,-0.56799555,0.31340015,-1.1144336
-1.2296148074037019,-0.5312656328164083,0.6133066533266631,-1.3989494747373687,-0.4827569,-0.35661063,0.11141326,-1.5991495
0.44322161080540257,1.6678339169584788,-0.25712856428214126,-0.46023011505752875,0.7063532,0.22644114,-0.49646282,-1.129318
0.8054027013506753,1.3916958479239616,0.5352676338169085,0.6090545272636319,0.9112163,1.1422087,0.5839104,0.51847017
1.4637318659329663,1.077538769384692,-0.17308654327163597,-0.38819409704852426,1.5743442,0.4454267,-0.44838697,-0.547797
1.2616308154077038,-1.8579289644822412,0.8634317158579288,-1.2706353176588294,0.45442426,0.0054469532,-0.51458085,-1.3215914
-1.2116058029014507,-1.8959479739869936,-1.2616308154077038,-0.6313156578289145,-0.6844404,-0.90719676,0.5040607,-0.7721828
-1.2036018009004503,-0.7753876938469235,-1.2516258129064533,1.9214607303651823,-1.097034,-1.3803761,0.7373932,1.7869861
0.19309654827413691,-0.17908954477238637,-1.4277138569284644,-1.6398199099549775,0.04493587,0.040551007,-0.19093266,-1.5956633
-1.933966983491746,0.13906953476738337,1.5237618809404698,0.811655827913957,-1.1995925,-1.2611643,1.00763,0.8709523
1.0015007503751874,-0.05702851425712874,0.07703851925962946,-1.468734367183592,0.5391258,0.34478188,-0.029835965,-1.4813577
0.997498749374687,1.2056028014007003,-1.7038519259629816,0.6608304152076037,1.1575093,0.72306955,-1.0227524,0.57821727
-1.7638819409704853,1.2576288144072034,-0.39519759879939986,-0.41295647823911974,-0.8723886,-1.4373289,1.0499781,-0.37908217
-1.5957978989494748,-0.48924462231115573,-0.10705352676338187,0.6765882941470736,-1.2366825,-1.4276737,0.8796484,0.6637789
-1.8439219609804902,-0.8114057028514259,0.0670335167583791,1.6783391695847922,-0.9861285,-1.7335211,1.7640959,1.6837661
0.15107553776888416,1.4817408704352175,0.9094547273636815,-1.3696848424212107,0.09410492,-0.14127123,0.06071693,-1.4806663
-0.39719859929964985,-0.8694347173586794,0.851425712856428,1.9957478739369683,-0.28338435,-0.9736487,0.9740729,2.0220804
-0.20110055027513773,-1.8939469734867433,1.36568284142071,-0.8361680840420211,-0.42851564,-0.58163536,-0.31413594,-1.2395191
0.44322161080540257,0.20310155077538772,-1.967983991995998,-0.1428214107053527,0.5003649,0.055544756,-0.7646388,-0.1735831
0.3951975987993994,1.2936468234117058,1.8119059529764878,-1.7906453226613306,-0.06455327,-0.31071752,-0.021105818,-1.5557386
1.311655827913957,-1.9459729864932467,0.05502751375687831,1.014257128564282,1.161398,-1.2505125,-0.39450502,0.9284012
0.7453726863431713,0.24112056028014006,-0.011005502751375795,-1.9617308654327164,0.082078815,-0.13263837,-0.033118833,-1.3536433
0.3951975987993994,1.2936468234117058,1.8119059529764878,-1.7906453226613306,0.021876803,-0.23673812,0.013456593,-1.646529
0.9434717358679339,-0.4912456228114057,-1.4197098549274638,-2.0,0.51624924,-0.13507429,-0.9626894,-1.5979683
0.17108554277138532,-1.0995497748874437,1.2396198099049522,-1.74112056028014,-0.029977798,-0.37900227,0.20916991,-1.5390618
-0.5492746373186594,-0.7773886943471737,-1.4317158579289644,1.6738369184592292,-0.37702242,-1.4858254,-0.7323853,1.6533304
-0.8174087043521763,1.8659329664832414,-1.6078039019509756,0.5032516258129065,-0.5629524,-1.6130133,0.3917663,0.31737465
-1.6978489244622312,-1.4377188594297148,1.7918959479739867,-1.3471735867933967,-0.5544079,-0.7328901,0.5470343,-1.201287
0.9414707353676834,-0.15907953976988498,0.4912456228114057,-1.5700350175087543,0.32940117,0.23891608,-0.40203205,-1.5625899
-1.885942971485743,0.8334167083541768,1.825912956478239,-0.5457728864432216,-0.81958073,-0.9134768,0.28460783,-0.7947951
-1.8379189594797398,-1.597798899449725,1.7618809404702347,2.448224112056028,-1.4041728,-1.8948729,1.400675,2.518822
1.7778889444722359,1.9459729864932465,-1.7978989494747375,0.6023011505752875,1.9227352,0.82551,-1.1213747,0.612741
-0.751375687843922,0.533266633316658,-0.6513256628314159,1.0975487743871932,-0.6489368,-1.4967093,0.7404155,0.95988226
-0.9774887443721862,0.5992996498249124,1.795897948974487,0.01475737868934468,-0.7481081,-0.76987267,0.8158519,-0.14901492
-0.7993996998499251,1.825912956478239,0.7773886943471733,1.2573786893446721,-0.7683218,-0.57654446,-0.52223885,1.2394009
0.4372186093046522,-1.5877938969484742,-1.311655827913957,-1.8649324662331166,-0.31605104,-0.33822608,0.0972203,-1.5220348
0.4812406203101549,1.395697848924462,-0.0790395197598801,1.4689844922461228,0.54187644,1.0006771,-0.3581148,1.3622808
0.9674837418709354,-0.38719359679839926,-1.6278139069534767,-0.3049024512256129,1.0576061,0.03787991,-0.7552767,-0.2652448
0.5692846423211604,-0.051025512756378344,0.39719859929964985,1.1133066533266631,0.7197088,-0.084036574,0.68292135,0.94555694
-0.7573786893446723,-0.8454227113556778,-0.143071535767884,-1.1310655327663832,-0.4891482,-0.7428567,0.44406006,-0.91864276
0.20310155077538772,-1.1415707853926964,-0.5952976488244124,-0.02126063031515768,0.16507506,-0.06374805,-0.4355262,-0.74957657
0.3391695847923959,1.7378689344672336,-0.21110555277638832,0.9444722361180591,0.3794064,1.0700604,-0.6075825,0.87205
1.5017508754377187,-1.7458729364682342,1.4037018509254624,-0.6380690345172586,0.7505792,-0.8073872,0.954183,-1.037886
-1.1935967983991995,1.8519259629814906,-0.7393696848424214,0.35692846423211577,-1.1038994,-1.4300853,0.66086006,0.1484045
-0.751375687843922,0.533266633316658,-0.6513256628314159,1.0975487743871932,-0.6148004,-0.8838304,-0.10857051,1.0349656
1.5617808904452222,1.8779389694847421,-0.8674337168584294,-1.0005002501250626,1.4944334,0.6613834,-0.80462253,-1.0210185
-1.407703851925963,0.419209604802401,-1.6438219109554777,2.1488244122061024,-1.1168298,-1.308382,0.6636703,2.1330261
1.4697348674337167,-0.7293646823411706,0.8154077038519256,-0.2238619309654828,1.3531945,-0.48449993,0.4591061,-0.2746649
1.7738869434717355,1.023511755877939,0.02301150575287636,0.4627313656828411,1.8781488,0.5526841,-0.6676529,0.4015296
-1.9579789894947475,0.5592796398199096,0.4292146073036518,-1.7141070535267633,-0.29623857,-0.51902246,0.15759262,-1.5309457
-1.7618809404702351,-1.3456728364182091,-1.391695847923962,-1.3269134567283642,-0.46426064,-0.5080557,0.19583471,-1.5696857
-0.3691845922961481,0.08504252126063028,-0.6813406703351677,-1.4709854927463732,-0.28505164,-0.8581815,0.1903722,-1.255742
1.5237618809404698,-0.287143571785893,0.9394697348674335,-1.2076038019009505,0.9482572,0.028330376,0.029964747,-1.2625494
0.18509254627313654,-0.9874937468734368,-1.485742871435718,0.737368684342171,0.2060145,-0.96213424,-0.9826939,0.6595793
0.791395697848924,-0.6513256628314159,0.9214607303651823,-1.2301150575287645,0.2360987,-0.14259821,-0.2701071,-1.4095542
-0.17508754377188618,-0.4992496248124063,-0.9614807403701853,-1.8739369684842422,-0.24699925,-0.11194393,-0.110950865,-1.49074
-1.709854927463732,-0.1530765382691348,-1.6558279139569785,1.9102051025512754,-1.1582049,-1.4387137,1.0503683,1.8642688
0.419209604802401,-0.6493246623311657,-0.30915457728864437,1.8764382191095548,0.41787887,-0.7026261,-0.32660988,1.8399868
-1.7258629314657328,1.2456228114057026,1.8539269634817406,0.39294647323661813,-0.98798174,-1.2225591,0.88481444,0.23679431
0.4252126063031514,1.0075037518759378,-0.9254627313656829,0.8769384692346174,0.53311396,0.43901092,-0.7503703,0.7810859
0.11305652826413182,-0.8294147073536768,1.6578289144572285,-0.5750375187593797,-0.24463588,-0.50337327,0.68355006,-0.7396018
1.8399199599799898,1.2656328164082038,1.8699349674837418,-1.2031015507753877,1.1461011,0.22142938,0.25691143,-1.202595
0.6853426713356678,0.37518759379689826,0.12906453226613301,-1.6060530265132567,0.55074507,-0.09587251,0.32538727,-1.494338
0.4092046023011502,0.6393196598299147,0.7933966983491745,1.3069034517258626,0.4366801,0.5532172,0.7276779,1.2860491
0.4292146073036518,0.19309654827413691,1.5517758879439718,-0.1518259129564783,0.8455998,-0.31548765,1.8321396,-0.4970635
0.1350675337668834,-0.6573286643321661,-0.9474737368684343,-1.452976488244122,-0.1704346,-0.14843781,-0.058921922,-1.5521926
-0.9114557278639321,-1.4377188594297148,-1.055527763881941,-0.7618809404702351,-0.7142107,-0.709769,0.4773453,-1.1639118
0.6853426713356678,0.37518759379689826,0.12906453226613301,-1.6060530265132567,0.51737744,-0.038185406,-0.50074285,-1.3777705
0.29914957478739357,0.09904952476238105,-0.4912456228114057,2.1263131565782887,0.30150124,0.031427175,-0.52035755,2.1653838
0.7813906953476737,-0.6953476738369186,-1.051525762881441,-0.4962481240620311,0.74818784,-0.32245222,-0.7525805,-0.37649605
0.6693346673336666,-1.823911955977989,0.9994997498749374,0.07103551775887951,0.021575578,-0.36166218,0.6249707,-0.65792024
-1.4897448724362181,1.4397198599299648,0.3471735867933967,1.1268134067033517,-1.0038351,-1.4532478,0.91980785,1.05877
0.9194597298649323,-0.5952976488244124,-0.9314657328664333,0.7801400700350172,0.9827672,-0.60497123,-0.48931113,0.66048926
1.7078539269634816,1.4817408704352175,0.6113056528264131,-0.6178089044522261,1.7996614,0.46973103,-0.6181981,-0.7669674
-0.32316158079039536,0.5392696348174084,-0.8894447223611808,2.025012506253127,-0.26854476,-0.5816464,-0.95527864,1.9681952
1.6138069034517257,-0.4992496248124063,1.6638319159579789,-1.2593796898449225,0.26085886,-0.20333423,-0.21443346,-0.9900133
0.5792896448224112,0.2511255627813904,0.31915957978989473,1.734617308654327,0.5794878,0.17324695,0.33767015,1.6886021
-0.8014007003501751,0.9234617308654327,0.6993496748374186,1.4487243621810904,-0.5280421,-0.9605459,0.19808288,1.3829147
-0.6833416708354179,0.6893446723361678,-1.7978989494747375,1.1470735367683842,-0.6525725,-1.1409326,-0.16527626,0.97433835
-1.631815907953977,1.8639319659829914,-0.09104552276138089,0.03726863431715843,-0.8715276,-1.3871909,0.8070004,-0.21194032
-1.9939969984992496,1.9379689844922456,1.0815407703851925,-1.6240620310155078,-0.32200262,-0.4314753,0.07317682,-1.4341844
-1.8019009504752377,-1.277638819409705,-0.7113556778389196,-1.9572286143071536,-0.27716586,-0.37599978,-0.107384875,-1.9072411
0.6393196598299147,0.9174587293646823,-1.6098049024512258,-1.527263631815908,0.7332332,0.04426766,-0.49907702,-1.5171324
-0.005002501250625402,0.061030515257628704,-0.31715857928964497,-0.5862931465732868,0.04215683,-0.3313082,-0.14279962,-1.0606962
1.0175087543771886,-1.983991995997999,1.8139069534767382,-0.8789394697348676,-0.37581393,-0.589158,0.35763785,-1.1418993
-0.6233116558279141,1.5597798899449722,0.32316158079039514,-1.8536768384192097,-0.46361887,-0.23109922,0.22239025,-1.5059873
-1.1755877938969486,1.713856928464232,-0.40920460230115063,2.214107053526763,-0.7613247,-1.4250373,0.8210362,2.012305
0.3391695847923959,1.7378689344672336,-0.21110555277638832,0.9444722361180591,0.32403046,1.1346972,-0.61957276,0.9881077
-1.2756378189094548,-0.5092546273136569,-1.6938469234617308,1.516258129064532,-0.5254594,-1.9227147,1.4015455,1.357089
-1.1915957978989495,-0.4252126063031516,1.8639319659829914,0.5910455227613807,-1.0252116,-1.0860169,0.84172446,0.64961046
1.8119059529764878,-0.4192096048024012,1.8379189594797394,1.7526263131565782,1.6508201,-0.31908616,1.6412411,1.6873138
-0.20310155077538772,-1.2116058029014507,1.5017508754377187,-0.9419709854927465,-0.36783367,-0.6741179,0.746632,-1.2841816
-0.23111555777888948,1.2896448224112054,1.3536768384192093,-0.7866433216608304,-0.32556614,-0.3722445,0.16708636,-1.07242
-1.0315157578789396,0.12306153076538262,-0.6753376688344173,-1.090545272636318,-0.41117617,-0.62973297,0.28869426,-1.4465977
-0.861430715357679,-1.2416208104052027,-1.007503751875938,0.8701850925462731,-0.9055458,-1.0545794,0.721535,0.75472975
0.2911455727863932,-0.7393696848424214,-1.917958979489745,1.1065532766383188,0.37384844,-1.2016907,-1.4381548,1.0559878
-1.0895447723861933,-1.0335167583791898,0.8874437218609303,1.1560780390195098,-1.1265628,-1.5157127,1.336867,1.1958815
-0.3771885942971487,1.605802901450725,0.25312656328164085,-0.9037018509254628,-0.42287546,-0.6513915,0.27885333,-1.3062648
0.9734867433716858,-0.6253126563281641,0.4792396198099049,-1.176088044022011,0.5474739,0.25706536,-0.3143098,-1.4921138
-1.2296148074037019,-0.5312656328164083,0.6133066533266631,-1.3989494747373687,-0.346638,-0.6776052,0.16024794,-1.0544089
1.5437718859429714,-0.8714357178589296,1.2056028014007003,2.3266633316658325,1.3354368,-0.6765464,0.95225805,2.3685477
0.045022511255627506,-1.901950975487744,-0.9654827413706855,-1.8424212106053026,-0.43066695,-0.49257946,0.44404972,-1.2890033
1.2076038019009503,1.281640820410205,1.7798899449724859,1.0772886443221608,1.1912552,1.4208981,1.8904749,1.0835271
0.819409704852426,0.38519259629814906,-1.2256128064032017,1.0660330165082539,0.89698267,0.3620332,-1.0423896,1.0192828
-1.181590795397699,-1.1935967983991995,-1.777888944472236,-0.6628314157078541,-0.94137895,-0.88236713,0.54030955,-0.6681036
-1.7818909454727363,0.6293146573286643,-0.06703351675837932,1.952976488244122,-1.4247884,-1.428605,0.9027191,1.9332309
-0.6633316658329165,-0.19709854927463755,-0.23311655827913969,-1.23911955977989,-0.5691619,-0.55374014,0.5525521,-1.2972547
-1.0195097548774388,1.4437218609304652,-1.0335167583791898,-0.6448224112056029,-0.56343514,-0.64049244,0.26216993,-1.11758
0.37518759379689826,0.9994997498749374,-0.301150575287644,2.2771385692846424,0.37275383,0.77344805,-0.28644016,2.2851067
1.4497248624312156,-0.06703351675837932,-0.4432216108054028,-1.9797398699349675,0.65362346,0.30943972,-0.7858669,-1.5844157
-1.6678339169584793,0.2651325662831412,1.2716358179089542,-1.0117558779389695,-0.5313785,-0.729992,0.6722927,-0.98241997
-0.301150575287644,-1.03751875937969,1.1655827913956975,0.8746873436718356,-0.42841193,-1.0037975,1.1201322,0.66074824
0.2571285642821408,-1.9659829914957478,1.5777888944472234,-1.5115057528764382,-0.32571495,-0.65288156,0.34674644,-1.0781672
0.7173586793396698,-0.10705352676338187,-0.09704852426213129,2.319909954977488,0.75753164,-0.14784959,0.032336023,2.336012
0.421210605302651,-0.34517258629314673,0.25512756378189083,0.2871435717858928,0.54333663,-0.4744347,0.9301038,-0.01595424
0.5492746373186592,1.0095047523761878,-1.5957978989494748,-1.308904452226113,-0.0804343,-0.19879918,-0.15240887,-1.1998982
0.389194597298649,0.06903451725862908,1.141570785392696,1.2866433216608302,0.4388529,-0.124432035,0.98432654,1.2065021
-1.9159579789894947,-0.5392696348174089,-1.5617808904452226,0.9309654827413705,-1.1349044,-1.2314463,1.0280174,0.926863
-1.8659329664832416,-1.2936468234117058,1.2296148074037014,-0.11130565282641336,-0.73448855,-1.3933172,1.0680467,-0.11478
-0.9194597298649325,-1.0435217608804401,0.2871435717858928,0.8049024512256127,-0.71980304,-1.4149585,0.863457,0.76804614
-0.2751375687843922,-1.4617308654327164,0.7733866933466733,-0.07303651825912971,-0.6698218,-0.7253151,0.6082714,-0.5413041
-1.885942971485743,-0.0030015007503754187,-1.3536768384192097,2.299649824912456,-1.1648519,-1.6107517,0.98204833,2.2833197
-1.1415707853926964,0.8274137068534264,1.7098549274637316,1.9462231115557778,-0.9593006,-1.146467,0.62359077,1.8839505
0.8474237118559276,-0.09904952476238127,1.6778389194597296,-1.036518259129565,0.9795435,-0.34542924,0.94688356,-1.1923184
-1.2096048024012007,-1.665832916458229,-0.5252626313156579,1.4217108554277136,-1.1979399,-1.7174683,0.85749453,1.4042203
0.11305652826413182,0.8914457228614303,-0.6433216608304153,-0.149574787393697,0.23052014,-0.6424918,-0.5287239,-0.49126178
-0.021010505252626377,-0.573286643321661,0.4152076038019006,-0.3544272136068034,-0.063458405,-0.36929426,0.33742726,-0.98403054
-0.2971485742871436,1.7438719359679835,0.6353176588294147,1.3294147073536768,-0.23220176,-0.69804716,-0.84402186,1.2845529
1.5217608804402198,-0.8114057028514259,1.0995497748874437,1.3114057028514257,1.4954576,-0.7534827,1.0323659,1.3330368
1.5237618809404698,-0.287143571785893,0.9394697348674335,-1.2076038019009505,1.0533707,0.19147032,-0.39853483,-1.2203982
-0.6833416708354179,0.7953976988494245,1.911955977988994,1.1178089044522261,-0.6157719,-0.5809362,0.28414944,1.0093515
0.8294147073536768,-0.6413206603301651,-0.27313656828414223,0.07778889444722337,0.97486645,-1.0142164,-0.2709565,-0.075661615
-0.23111555777888948,1.2896448224112054,1.3536768384192093,-0.7866433216608304,-0.5627154,-0.6834019,0.26400805,-1.0143912
-0.20110055027513773,-1.8939469734867433,1.36568284142071,-0.8361680840420211,-0.6207561,-0.850366,0.630913,-0.8411106
-0.18709354677338674,1.4137068534267132,-0.8394197098549276,1.3901950975487742,-0.13208938,-0.25538173,-1.6152245,1.4222789
-0.20710355177588813,1.4757378689344671,0.4052026013006502,-1.279639819909955,-0.22489929,-0.22862606,0.23751521,-1.3959202
0.5372686343171584,-0.25712856428214126,-1.1255627813906954,2.459479739869935,0.5797057,-0.77500343,-1.0141846,2.4397469
1.459729864932466,-1.6578289144572287,-0.08704352176088048,1.0480240120060027,1.2621574,-0.14756808,-0.50851476,1.008333
1.7418709354677335,-1.3656828414207105,0.2011005502751373,-1.7793896948474237,1.0291256,0.25994793,-0.18841012,-1.4901216
-1.4977488744372187,1.109554777388694,1.6298149074537265,-1.0972986493246624,-0.4069201,-0.82976544,0.36893854,-1.2034217
-1.0315157578789396,0.9294647323661831,0.1350675337668834,2.052026013006503,-0.93877876,-0.96039325,0.423517,1.9904073
-1.0195097548774388,0.7833916958479237,1.029514757378689,0.3276638319159577,-0.9150274,-1.056846,0.69116145,0.27582157
-1.2936468234117058,-1.3056528264132066,0.44922461230615296,-1.7883941970985493,-0.33951572,-0.7562016,0.36963364,-1.3304483
0.4132066033016506,0.2911455727863932,0.9054527263631815,-1.0882941470735368,0.43298212,0.11488027,-0.048498426,-1.0725373
-0.5372686343171587,0.9114557278639319,-1.8679339669834918,-1.8424212106053026,-0.32823145,-0.64834845,0.35519034,-1.411801
-1.6678339169584793,0.2651325662831412,1.2716358179089542,-1.0117558779389695,-0.37918568,-0.4520759,-0.01164371,-1.2605171
-0.10105052526263147,-0.701350675337669,1.0915457728864428,-0.9644822411205602,-0.2967513,-0.54699916,0.30177686,-1.2222661
-0.32316158079039536,0.5392696348174084,-0.8894447223611808,2.025012506253127,-0.16153984,-1.2025726,-0.8422182,1.9439021
-0.3691845922961481,0.08504252126063028,-0.6813406703351677,-1.4709854927463732,0.007108842,-0.42494705,-0.6911236,-1.359114
0.7613806903451725,-1.4977488744372187,0.4792396198099049,-1.8244122061030517,0.18097335,-0.33234164,-0.65271866,-1.388991
0.9734867433716858,-0.6253126563281641,0.4792396198099049,-1.176088044022011,0.90317035,-0.22736843,-0.07363603,-1.3357348
-0.8214107053526765,0.3391695847923959,1.6078039019509753,-0.12031015507753895,-0.9363656,-1.0251374,0.927731,-0.369753
1.857928964482241,1.1135567783891944,-1.2296148074037019,-1.32016008004002,1.0926902,0.22177045,-0.70004326,-1.0984647
-1.9479739869934967,-1.4337168584292148,0.9154577288644319,1.0030015007503752,-0.9003502,-1.4622148,1.3204548,1.0087575
0.03501750875437715,-1.9819909954977488,-1.421710855427714,1.4599799899949972,0.014923232,-1.4442782,-1.5647599,1.4153774
-1.2096048024012007,-1.665832916458229,-0.5252626313156579,1.4217108554277136,-1.0477488,-1.25101,1.0796238,1.4262276
1.4517258629314655,0.32316158079039514,-1.8119059529764883,-0.45572786393196596,1.5603416,0.87749386,-0.9198021,-0.5723323
-0.5112556278139071,-1.6898449224612306,0.56128064032016,0.6045522761380688,-0.6856416,-1.1847104,0.8042248,0.4921666
-1.933966983491746,0.13906953476738337,1.5237618809404698,0.811655827913957,-1.136439,-1.0398356,0.25086698,0.79033446
1.5617808904452222,-1.825912956478239,-0.7873936968484243,-1.2683841920960481,1.039579,0.7180484,-0.12154518,-1.3815004
1.6978489244622308,1.3596798399199597,0.709354677338669,-1.1693346673336669,1.2766219,0.75568426,-0.6352981,-1.1349918
-1.709854927463732,-0.1530765382691348,-1.6558279139569785,1.9102051025512754,-1.2927096,-1.2827106,1.1457564,1.9174036
1.315657828914457,-0.11905952976488265,0.4372186093046522,-0.03926963481740886,1.2937586,0.41785792,0.52158904,-0.06945671
-1.7338669334667334,0.8334167083541768,-1.9719859929964982,-1.9819909954977488,-0.16232894,-0.2888987,-0.3259426,-1.5817055
0.419209604802401,-0.6493246623311657,-0.30915457728864437,1.8764382191095548,0.48927554,-0.96218354,-0.27269208,1.8647141
0.5352676338169085,0.30115057528764355,-0.7693846923461731,0.8836918459229612,0.53608197,0.12440773,-0.7624051,0.8769544
0.03701850925462713,-1.933966983491746,0.07503751875937947,-0.7776388194097048,-0.27398652,-0.6799123,0.025437059,-1.2843142
-1.1175587793896948,0.6133066533266631,0.16708354177088536,-0.7348674337168586,-0.62246984,-0.57714736,0.103431575,-1.0350941
1.5617808904452222,-1.825912956478239,-0.7873936968484243,-1.2683841920960481,1.2737077,0.21820526,-1.1004176,-1.2996169
-0.8954477238619309,-1.7518759379689846,-1.7358679339669836,1.2641320660330164,-1.0570945,-1.5297383,0.8823951,1.1393578
1.4637318659329663,1.077538769384692,-0.17308654327163597,-0.38819409704852426,1.5494466,0.4872379,-1.131923,-0.47150794
0.447223611805903,-0.2791395697848926,1.633816908454227,-1.5475237618809405,0.50048864,-0.009491711,0.41677386,-1.3528103
1.4637318659329663,1.077538769384692,-0.17308654327163597,-0.38819409704852426,1.5763178,0.56325674,-0.20586666,-0.53281605
-1.0495247623811905,0.9294647323661831,1.3536768384192093,-1.849174587293647,-0.5309088,-0.46339628,0.11828592,-1.7533891
1.8019009504752375,-1.3356678339169585,1.4977488744372183,0.2938969484742371,1.5051559,-1.0643207,1.1240982,0.20974378
0.08304152076037985,-1.1475737868934468,-0.3691845922961481,0.4469734867433717,0.1976794,-0.7023566,0.1574598,0.10890576
0.7633816908454225,-1.2256128064032017,0.36518259129564745,2.200600300150075,0.8607681,-1.3545686,0.4989789,2.1696196
-1.3776888444222113,-0.46123061530765397,1.3696848424212105,-0.10455227613806906,-0.73599386,-1.319563,0.7354445,-0.29761797
-0.5072536268134069,-1.8319159579789894,-1.7718859429714857,-0.8159079539769885,-0.67397535,-0.68827254,0.27436614,-1.0272478
1.511755877938969,1.8499249624812402,0.1410705352676338,0.6518259129564781,1.6085757,0.73466825,-0.9110081,0.62091905
0.849424712356178,0.4252126063031514,1.2956478239119558,2.229864932466233,0.9597935,0.37988606,1.4527245,2.130429
-0.71735867933967,-1.7078539269634818,-1.3656828414207105,1.6490745372686342,-0.61525786,-1.1423949,0.059780873,1.5879287
1.4217108554277136,0.5212606303151572,-0.7433716858429216,-1.324662331165583,1.097797,0.13768569,-1.1282045,-1.3239447
0.9194597298649323,-0.5952976488244124,-0.9314657328664333,0.7801400700350172,1.0234553,0.05090186,-0.8434413,0.6762716
-0.47123561780890455,0.5452726363181588,-0.6133066533266633,-0.7753876938469235,-0.5839589,-0.6070016,0.44777325,-1.268342
1.2776388194097046,1.425712856428214,1.1155577788894444,0.6698349174587293,1.4513112,1.1634248,1.1830037,0.6817128
-1.133566783391696,0.03501750875437715,-0.38919459729864947,-0.16983491745872947,-0.8182225,-0.89161307,0.82158214,-0.23013137
-0.33316658329164595,-1.1215607803901952,-1.7458729364682342,1.0930465232616307,-0.2648723,-1.3393922,-1.1928555,1.0048485
-1.8299149574787394,-1.3496748374187093,1.9679839919959976,2.3154077038519256,-1.1252613,-1.9019209,1.6324197,2.2917886
0.28314157078539237,-1.663831915957979,1.507753876938469,-1.538519259629815,-0.41436753,-0.7673965,0.23099391,-1.347293
-1.3176588294147074,1.1235617808904448,0.5472736368184092,0.7531265632816408,-1.3995104,-1.1808887,0.72231525,0.67550373
-1.535767883941971,0.07703851925962946,1.079539769884942,1.5995497748874437,-1.0061871,-1.6199933,1.1177654,1.5306072
0.9454727363681839,1.1355677838919456,0.2631315657828912,0.14532266133066507,1.2572422,0.20693791,0.19513606,-0.04315555
-1.4637318659329666,1.2076038019009503,-1.9739869934967484,1.0457728864432214,-1.0399895,-1.3477954,0.62665635,1.0323049
1.5937968984492246,-1.67983991995998,0.5032516258129061,-1.1828414207103553,0.9909706,0.28272822,-0.95012486,-1.3516059
0.5472736368184092,-0.6533266633316659,1.2696348174087042,-1.394447223611806,0.2993867,0.109208554,-0.08600501,-1.4901336
0.7633816908454225,-1.2256128064032017,0.36518259129564745,2.200600300150075,0.86551124,-1.3524655,0.48019233,2.1754909
-0.9654827413706855,-0.4932466233116559,-0.9314657328664333,1.5545272636318157,-0.77438426,-0.71304846,0.1778864,1.4846054
-1.5237618809404703,1.765882941470735,0.7113556778389194,-1.0185092546273138,-0.74072635,-0.6007216,0.4571898,-1.0608139
-0.2231115557778891,-1.5477738869434718,-1.295647823911956,0.8656828414207101,-0.19484115,-1.0660505,-0.8407418,0.867051
-0.4632316158079042,1.057528764382191,-0.9414707353676839,1.1178089044522261,-0.3609914,-1.09031,-0.95723957,1.062754
0.2111055527763881,1.5017508754377187,-1.7038519259629816,-1.948224112056028,-0.19582216,-0.2977202,-0.3420815,-1.6840411
0.2091045522761381,1.283641820910455,-0.2811405702851426,-1.2031015507753877,0.15692535,-0.053777482,-0.1221822,-1.2883998
-0.7073536768384192,-1.165582791395698,1.0095047523761878,0.39969984992496244,-0.84519935,-1.6310017,1.0844774,0.31722385
1.0515257628814405,1.4417208604302147,0.6413206603301651,0.6945972986493247,1.1894538,1.3385233,0.7674813,0.64229935
-1.6018009004502252,1.1835917958979487,-0.1490745372686344,-1.6915957978989495,-0.17274913,-0.36213535,0.102872595,-1.4657006
0.5472736368184092,-0.6533266633316659,1.2696348174087042,-1.394447223611806,0.041228402,-0.1769246,-0.04190906,-1.2361777
0.22711355677838885,-0.04902451225612814,-1.423711855927964,-1.8176588294147074,0.1292684,0.010725942,-0.4050621,-1.4855182
0.5292646323161581,-1.5637818909454728,-1.263631815907954,-0.5727863931965984,0.51494265,-0.13322315,-0.58848417,-1.0519259
1.1455727863931964,-0.6493246623311657,1.2056028014007003,2.3784392196098043,1.2565961,-0.72256196,1.3614296,2.3902454
0.03501750875437715,-1.9819909954977488,-1.421710855427714,1.4599799899949972,0.027419899,-2.0105367,-1.2366208,1.4500904
-1.3976988494247125,0.8554277138569284,0.00500250125062518,-1.49799899949975,-0.4685321,-0.40776902,0.1944917,-1.1618235
-1.7538769384692348,-1.6738369184592297,-1.1235617808904452,1.833666833416708,-1.2438617,-1.7466047,1.5184035,1.8402617
-1.8739369684842422,1.799899949974987,0.2651325662831412,-1.0252626313156579,-0.6608213,-0.62311786,0.40348214,-1.1551881
-1.4277138569284644,-0.47923961980990515,0.5572786393196596,-1.9729864932466232,-0.40191028,-0.67279327,0.048297677,-1.5648527
1.9979989994997496,0.9514757378689342,1.8739369684842417,-1.180590295147574,1.0904504,0.26846296,0.016251719,-1.0822386
0.533266633316658,1.1335667833916956,0.19109554777388693,1.0322661330665333,0.5789337,1.2475069,0.36744723,0.93448675
-1.5277638819409705,0.4352176088044022,-1.7798899449724863,0.19484742371185604,-0.8278349,-1.4489616,0.6920786,0.14759873
-1.2296148074037019,-0.5312656328164083,0.6133066533266631,-1.3989494747373687,-0.17645974,-0.4614372,0.43470818,-1.3718096
-1.5797898949474738,1.393696848424212,-0.6513256628314159,-1.5070035017508754,-0.47224373,-0.4776348,0.1429144,-1.3076472
1.5017508754377187,-1.7458729364682342,1.4037018509254624,-0.6380690345172586,0.46225408,-0.49174055,0.36311135,-0.8660998
-1.7538769384692348,-1.6738369184592297,-1.1235617808904452,1.833666833416708,-1.3161746,-1.4727017,1.1300924,1.789408
-0.20710355177588813,1.4757378689344671,0.4052026013006502,-1.279639819909955,-0.5152921,-0.31537208,0.12739941,-1.2989805
0.2811405702851424,-1.453726863431716,0.277138569284642,0.8431715857928963,0.36324665,-1.454021,0.28304136,0.7608172
1.3836918459229612,-1.8639319659829916,-1.7358679339669836,-1.66008004002001,0.40921852,0.22801012,-0.7895999,-1.3624266
1.3856928464232112,-0.7833916958479241,-0.2991495747873938,1.169584792396198,1.3568038,-0.09666261,-0.3534917,1.1405998
1.0675337668834417,0.7953976988494245,-1.9239619809904953,-1.1850925462731365,0.81741375,0.056213327,-0.73517275,-1.223622
-1.391695847923962,1.4517258629314655,-0.40120060030015026,2.184842421210605,-1.357769,-1.1021956,0.48176068,2.1104493
0.9794897448724358,-1.5437718859429714,0.3411705852926463,1.5702851425712856,1.0468751,-1.5617414,0.43641335,1.5439914
-1.919959979989995,-0.9094547273636819,-0.5632816408204102,-1.1333166583291647,-0.76400983,-0.72355306,0.37371257,-1.1123792
-1.0995497748874437,0.07503751875937947,-1.953976988494247,-1.8469234617308654,-0.49920318,-0.3912772,0.17144111,-1.5125148
-0.23111555777888948,1.939969984992496,1.4157078539269632,-1.0185092546273138,-0.07298874,-0.30070534,-0.19049603,-1.5236443
-1.791895947973987,1.7078539269634816,0.31915957978989473,1.0480240120060027,-1.2151366,-1.2429124,0.80344474,0.9470378
1.5057528764382186,1.8739369684842417,0.36918459229614786,0.2916458229114558,1.6468936,0.55353373,-0.64125526,0.21908495
-1.1935967983991995,1.8519259629814906,-0.7393696848424214,0.35692846423211577,-0.5859406,-1.288617,0.7814816,0.12540138
1.5997998999499745,1.0195097548774386,1.169584792396198,-0.12706353176588303,1.3313845,0.42857593,0.17751455,-0.05757256
0.15907953976988498,-1.425712856428214,0.3151575787893943,-1.948224112056028,-0.47031367,-0.5654049,-0.068746366,-1.5851523
1.5777888944472234,1.0535267633816905,1.4837418709354675,-0.6493246623311657,1.3034279,0.45434576,0.27262905,-0.68812585
0.8294147073536768,-0.8034017008504253,1.0895447723861929,1.2348674337168584,0.90921086,-0.7278609,1.2234908,1.1644796
