a,b
5.005005005005003227e-02,4.104104104104102646e-01,-4.376983735710382462e-03,3.930239677429199219e-01
-8.388388388388388073e-01,1.591591591591591470e+00,-8.501672148704528809e-01,1.617292523384094238e+00
-1.027027027027027195e+00,-5.805805805805808184e-02,-1.270873785018920898e+00,-3.038145601749420166e-01
-1.907907907907907985e+00,9.409409409409397185e-02,-2.051330089569091797e+00,-1.283279955387115479e-01
1.819819819819819884e+00,-2.262262262262262347e-01,1.730092883110046387e+00,-2.170906960964202881e-01
-1.367367367367367414e+00,3.403403403403393312e-02,-1.462834715843200684e+00,-7.095978856086730957e-01
1.501501501501500968e-01,-2.202202202202196979e-02,2.218135446310043335e-01,-1.731794625520706177e-01
-1.423423423423423539e+00,1.711711711711711548e+00,-1.415945768356323242e+00,1.682753443717956543e+00
-1.511511511511511419e+00,-2.602602602602610560e-02,-1.593275547027587891e+00,-5.037741661071777344e-01
-1.835835835835835761e+00,6.346346346346347644e-01,-2.136579036712646484e+00,2.539869844913482666e-01
7.407407407407395894e-02,1.703703703703703720e+00,9.118510037660598755e-02,1.701820731163024902e+00
-1.501501501501500968e-01,1.051051051051051122e+00,-1.210971698164939880e-01,1.060236930847167969e+00
-1.501501501501500968e-01,1.051051051051051122e+00,-1.488778144121170044e-01,1.036927580833435059e+00
-2.302302302302301484e-01,-1.811811811811811834e+00,-4.196283519268035889e-01,-1.499563574790954590e+00
-1.459459459459459429e+00,3.703703703703702388e-01,-1.643989562988281250e+00,2.190227806568145752e-01
-1.651651651651651731e+00,1.695695695695695449e+00,-1.679719328880310059e+00,1.690261602401733398e+00
-2.582582582582582109e-01,1.395395395395395255e+00,-2.864388823509216309e-01,1.458595991134643555e+00
-1.511511511511511419e+00,-2.602602602602610560e-02,-1.717852950096130371e+00,-1.250258237123489380e-01
2.182182182182184071e-01,-9.629629629629630205e-01,-8.297149837017059326e-02,-1.111499190330505371e+00
-8.908908908908907964e-01,8.428428428428427210e-01,-8.674391508102416992e-01,5.289154052734375000e-01
4.104104104104102646e-01,-1.959959959959959974e+00,-2.937665879726409912e-01,-1.736433506011962891e+00
4.584584584584585620e-01,-1.203203203203203175e+00,4.221413433551788330e-01,-1.412426829338073730e+00
-1.019019019019018923e+00,-1.527527527527527518e+00,-1.089418053627014160e+00,-1.404537796974182129e+00
1.751751751751751573e+00,1.221221221221222564e-01,1.866037964820861816e+00,9.274926036596298218e-02
-1.291291291291291277e+00,1.803803803803803785e+00,-1.302530288696289062e+00,1.714971542358398438e+00
1.751751751751751573e+00,1.221221221221222564e-01,1.770596504211425781e+00,3.876671567559242249e-02
-6.746746746746747903e-01,1.247247247247247337e+00,-6.878769993782043457e-01,1.227714538574218750e+00
-1.183183183183183163e+00,6.586586586586586911e-01,-1.214368343353271484e+00,4.093198478221893311e-01
9.469469469469471434e-01,8.588588588588588202e-01,9.047620296478271484e-01,8.833333253860473633e-01
4.304304304304302775e-01,-1.911911911911911899e+00,-3.710763752460479736e-01,-1.668987035751342773e+00
-1.419419419419419404e+00,-8.308308308308307577e-01,-1.305639982223510742e+00,-1.025115132331848145e+00
1.375375375375375242e+00,-8.148148148148148806e-01,1.127762556076049805e+00,-8.976144790649414062e-01
-1.651651651651651731e+00,1.695695695695695449e+00,-1.702376365661621094e+00,1.675218820571899414e+00
-2.582582582582582109e-01,1.395395395395395255e+00,-2.474950999021530151e-01,1.316042780876159668e+00
8.348348348348348935e-01,2.862862862862862734e-01,8.383607864379882812e-01,2.435817122459411621e-01
1.079079079079078962e+00,-1.203203203203203175e+00,9.644545316696166992e-01,-1.256220221519470215e+00
-7.227227227227226436e-01,1.059059059059058949e+00,-7.164950966835021973e-01,9.199843406677246094e-01
1.283283283283283449e+00,1.181181181181178985e-01,1.297145247459411621e+00,1.404199600219726562e-01
1.741741741741740235e-01,-1.319319319319319339e+00,7.077801972627639771e-02,-1.312205195426940918e+00
1.359359359359359143e+00,-1.801801801801805603e-02,1.317277073860168457e+00,-6.253061443567276001e-02
4.064064064064063508e-01,-1.923923923923923862e+00,-5.706354230642318726e-02,-1.699945926666259766e+00
-7.467467467467467923e-01,8.208208208208223056e-02,-7.548771500587463379e-01,-8.397285640239715576e-02
-1.047047047047047208e+00,5.805805805805785980e-02,-1.040374398231506348e+00,-3.441634476184844971e-01
-1.875875875875875787e+00,1.679679679679679793e+00,-1.918918848037719727e+00,1.617876291275024414e+00
2.902902902902901872e-01,-2.982982982982982367e-01,4.332355260848999023e-01,-5.281802415847778320e-01
-1.355355355355355229e+00,-1.451451451451451380e+00,-1.047038555145263672e+00,-1.222836852073669434e+00
-8.068068068068068310e-01,1.381381381381379114e-01,-8.499808907508850098e-01,-2.247992753982543945e-01
5.265265265265264283e-01,-1.181181181181181206e-01,5.761636495590209961e-01,-2.215462476015090942e-01
-1.351351351351351315e+00,-1.087087087087087234e+00,-1.311415314674377441e+00,-1.407274961471557617e+00
-1.351351351351351315e+00,-1.087087087087087234e+00,-1.457561969757080078e+00,-1.319420218467712402e+00
-2.302302302302301484e-01,-1.811811811811811834e+00,-5.655274391174316406e-01,-1.360098958015441895e+00
9.869869869869871692e-01,-1.811811811811811834e+00,-1.474970430135726929e-01,-1.710185647010803223e+00
4.304304304304302775e-01,-1.911911911911911899e+00,-3.166839778423309326e-01,-1.441472649574279785e+00
-3.423423423423423984e-01,1.927927927927927776e+00,-3.371581733226776123e-01,1.896066665649414062e+00
-1.835835835835835761e+00,6.346346346346347644e-01,-2.040202140808105469e+00,1.205935850739479065e-01
1.895895895895896022e+00,5.025025025025025016e-01,1.778617739677429199e+00,5.197653770446777344e-01
1.199199199199199040e+00,-5.345345345345344779e-01,1.285332560539245605e+00,-7.178931832313537598e-01
-1.063063063063063085e+00,-1.539539539539539481e+00,-1.165971755981445312e+00,-1.416217923164367676e+00
-9.809809809809810766e-02,1.599599599599599742e+00,-7.361776381731033325e-02,1.587414622306823730e+00
-1.215215215215215139e+00,-2.422422422422423338e-01,-1.438528537750244141e+00,-5.257055759429931641e-01
4.064064064064063508e-01,-1.923923923923923862e+00,-4.088128805160522461e-01,-1.610754251480102539e+00
1.495495495495495319e+00,2.182182182182184071e-01,1.512922644615173340e+00,2.091055065393447876e-01
-1.043043043043043072e+00,1.027027027027027195e+00,-1.082375049591064453e+00,8.794222474098205566e-01
-1.987987987987988037e+00,6.106106106106103937e-01,-1.895288228988647461e+00,5.848694443702697754e-01
1.495495495495495319e+00,2.182182182182184071e-01,1.564673662185668945e+00,1.898816823959350586e-01
-1.067067067067067221e+00,1.467467467467467479e+00,-1.105819821357727051e+00,1.421118021011352539e+00
4.464464464464463767e-01,1.571571571571571457e+00,4.699466526508331299e-01,1.495731592178344727e+00
-1.435435435435435281e+00,-1.501501501501500968e-01,-1.505967497825622559e+00,-7.668360471725463867e-01
-2.142142142142142713e-01,-2.702702702702701743e-01,-2.116058170795440674e-01,-5.505059361457824707e-01
-1.811811811811811834e+00,-5.185185185185186008e-01,-1.504433035850524902e+00,-6.972466707229614258e-01
1.119119119119118988e+00,5.385385385385386137e-01,1.126874923706054688e+00,5.237651467323303223e-01
-7.707707707707707190e-01,1.635635635635635410e+00,-7.723460793495178223e-01,1.613527297973632812e+00
1.359359359359359143e+00,-1.801801801801805603e-02,1.323715686798095703e+00,-3.604238480329513550e-02
-1.111111111111111160e+00,3.003003003003001936e-02,-1.175111174583435059e+00,-3.804835379123687744e-01
1.231231231231231238e+00,-5.065065065065064154e-01,1.451726913452148438e+00,-6.082906126976013184e-01
-1.459459459459459429e+00,3.703703703703702388e-01,-1.586243271827697754e+00,3.790397942066192627e-01
-9.429429429429430076e-01,1.007007007007007182e+00,-9.639464020729064941e-01,8.999396562576293945e-01
8.428428428428427210e-01,-1.515515515515515554e+00,4.882638156414031982e-01,-1.492770075798034668e+00
1.343343343343343488e+00,-1.023023023023023059e+00,8.770512938499450684e-01,-1.257019519805908203e+00
1.101101101101100710e-01,-1.123123123123123124e+00,-1.528421882539987564e-02,-1.401089072227478027e+00
1.987987987987987815e+00,-1.203203203203203175e+00,1.164774656295776367e+00,-1.300191402435302734e+00
8.588588588588588202e-01,-1.941941941941942584e-01,8.694304227828979492e-01,-2.299157083034515381e-01
4.304304304304302775e-01,-1.911911911911911899e+00,-2.660045772790908813e-02,-1.479462146759033203e+00
-1.223223223223223188e+00,-5.025025025025025016e-01,-1.068765163421630859e+00,-1.043984174728393555e+00
3.623623623623624113e-01,-1.895895895895895800e+00,-7.634953260421752930e-01,-1.348197460174560547e+00
5.265265265265264283e-01,-1.511511511511511419e+00,3.333642482757568359e-01,-1.452619194984436035e+00
-1.267267267267267350e+00,-1.543543543543543617e+00,-8.220811486244201660e-01,-1.401843905448913574e+00
-1.379379379379379378e+00,3.463463463463463121e-01,-1.491372585296630859e+00,2.897738218307495117e-01
-2.582582582582582109e-01,1.395395395395395255e+00,-2.261334657669067383e-01,1.313047289848327637e+00
1.043043043043042850e+00,-3.903903903903904737e-01,1.103533744812011719e+00,-4.367207586765289307e-01
9.229229229229227727e-01,-4.504504504504505125e-01,1.054261565208435059e+00,-6.978703737258911133e-01
1.751751751751751573e+00,1.221221221221222564e-01,1.856322050094604492e+00,4.137138277292251587e-02
4.224224224224224500e-01,1.563563563563563630e+00,4.645042419433593750e-01,1.544447064399719238e+00
-1.203203203203203175e+00,-3.823823823823824242e-01,-1.344462871551513672e+00,-7.425894737243652344e-01
4.544544544544546483e-01,2.502502502502501613e-01,4.885905683040618896e-01,2.682861983776092529e-01
3.623623623623624113e-01,-1.895895895895895800e+00,-4.602481722831726074e-01,-1.436803460121154785e+00
-1.291291291291291277e+00,1.803803803803803785e+00,-1.306117534637451172e+00,1.766738533973693848e+00
1.495495495495495319e+00,2.182182182182184071e-01,1.517114639282226562e+00,2.051003724336624146e-01
1.941941941941940364e-01,-1.595595595595595606e+00,-2.505043745040893555e-01,-1.443351268768310547e+00
5.225225225225225145e-01,2.202202202202219183e-02,6.899626255035400391e-01,-1.186617761850357056e-01
-7.987987987987987815e-01,1.979979979979979987e+00,-7.929296493530273438e-01,1.955603599548339844e+00
1.167167167167167285e+00,1.063063063063062863e+00,1.192832827568054199e+00,1.001302599906921387e+00
1.351351351351351315e+00,-1.867867867867867959e+00,5.614404752850532532e-02,-1.402492642402648926e+00
3.983983983983985233e-01,1.801801801801783398e-02,4.032472968101501465e-01,-4.075149819254875183e-02
1.119119119119118988e+00,5.385385385385386137e-01,1.220865368843078613e+00,5.130417346954345703e-01
-8.908908908908907964e-01,8.428428428428427210e-01,-9.151303172111511230e-01,7.415105700492858887e-01
1.751751751751751573e+00,1.221221221221222564e-01,1.743626475334167480e+00,9.428962320089340210e-02
-1.459459459459459429e+00,3.703703703703702388e-01,-1.582631826400756836e+00,2.622252106666564941e-01
-2.142142142142142713e-01,-2.702702702702701743e-01,-3.766363859176635742e-02,-7.977566719055175781e-01
8.308308308308309797e-01,-9.029029029029029818e-01,6.799656748771667480e-01,-1.051208496093750000e+00
-1.351351351351351315e+00,-1.087087087087087234e+00,-1.052354335784912109e+00,-1.227524399757385254e+00
-8.068068068068068310e-01,1.381381381381379114e-01,-8.234893083572387695e-01,-4.896576702594757080e-01
1.879879879879879923e+00,-1.755755755755755709e+00,4.789686501026153564e-01,-1.670644402503967285e+00
4.464464464464463767e-01,1.571571571571571457e+00,4.497939050197601318e-01,1.555589199066162109e+00
-1.027027027027027195e+00,-5.805805805805808184e-02,-1.037391662597656250e+00,-4.380801618099212646e-01
9.869869869869871692e-01,1.311311311311311290e+00,9.998502135276794434e-01,1.273875117301940918e+00
2.942942942942941009e-01,1.387387387387387427e+00,3.025937676429748535e-01,1.309095501899719238e+00
1.101101101101100710e-01,-1.123123123123123124e+00,7.406485825777053833e-02,-1.313748717308044434e+00
-1.159159159159159014e+00,9.629629629629627985e-01,-1.177823781967163086e+00,9.605183005332946777e-01
-7.467467467467467923e-01,8.208208208208223056e-02,-7.300370335578918457e-01,6.258785258978605270e-03
8.308308308308309797e-01,-9.029029029029029818e-01,9.295151233673095703e-01,-1.049457907676696777e+00
1.935935935935936048e+00,-9.549549549549549710e-01,1.909889459609985352e+00,-1.068289995193481445e+00
-1.459459459459459429e+00,3.703703703703702388e-01,-1.680122971534729004e+00,-6.958729028701782227e-02
8.508508508508509927e-01,-1.621621621621622822e-01,9.696293473243713379e-01,-1.724192053079605103e-01
3.623623623623624113e-01,-1.895895895895895800e+00,-5.101466178894042969e-01,-1.700969219207763672e+00
1.803803803803803785e+00,3.023023023023023725e-01,1.786141395568847656e+00,2.403520643711090088e-01
-1.387387387387387427e+00,-1.383383383383383514e+00,-9.444163441658020020e-01,-1.285048246383666992e+00
1.803803803803803785e+00,3.023023023023023725e-01,1.834844350814819336e+00,2.590169906616210938e-01
-1.835835835835835761e+00,6.346346346346347644e-01,-1.930796265602111816e+00,5.632264018058776855e-01
2.002002002002178926e-03,-1.141141141141142068e-01,1.336756255477666855e-02,-2.880383729934692383e-01
3.543543543543541396e-01,2.542542542542540751e-01,4.552102982997894287e-01,1.624980717897415161e-01
-1.223223223223223188e+00,-5.025025025025025016e-01,-1.263093352317810059e+00,-9.932131767272949219e-01
8.028028028028026952e-01,-1.259259259259259300e+00,3.937414288520812988e-01,-1.472094297409057617e+00
-1.067067067067067221e+00,1.467467467467467479e+00,-1.103486895561218262e+00,1.450542330741882324e+00
-7.707707707707707190e-01,-8.608608608608614432e-02,-8.223229646682739258e-01,-4.210709035396575928e-01
1.895895895895896022e+00,5.025025025025025016e-01,1.759763121604919434e+00,5.448490977287292480e-01
-1.875875875875875787e+00,1.679679679679679793e+00,-2.055821418762207031e+00,1.569232106208801270e+00
9.869869869869871692e-01,-1.811811811811811834e+00,-1.192859336733818054e-01,-1.558473348617553711e+00
4.464464464464463767e-01,1.571571571571571457e+00,4.578790068626403809e-01,1.518108010292053223e+00
1.941941941941940364e-01,-1.595595595595595606e+00,-3.211188316345214844e-01,-1.552729487419128418e+00
1.819819819819819884e+00,-2.262262262262262347e-01,1.902666330337524414e+00,-2.085218876600265503e-01
7.027027027027026307e-01,-1.599599599599599742e+00,6.113513112068176270e-01,-1.438805818557739258e+00
9.469469469469471434e-01,8.588588588588588202e-01,9.777539372444152832e-01,8.176537752151489258e-01
5.225225225225225145e-01,2.202202202202219183e-02,5.226401090621948242e-01,-2.201143279671669006e-02
-4.024024024024024371e-01,1.923923923923923862e+00,-3.910122215747833252e-01,1.922975301742553711e+00
5.265265265265264283e-01,-1.511511511511511419e+00,2.083636224269866943e-01,-1.362659931182861328e+00
-1.291291291291291277e+00,9.869869869869871692e-01,-1.359769582748413086e+00,8.913588523864746094e-01
1.495495495495495319e+00,2.462462462462462476e-01,1.507139563560485840e+00,2.000532150268554688e-01
-7.707707707707707190e-01,1.635635635635635410e+00,-7.665727734565734863e-01,1.637793898582458496e+00
8.508508508508509927e-01,-1.621621621621622822e-01,1.000645399093627930e+00,-2.421866804361343384e-01
-6.866866866866867536e-01,-6.206206206206199560e-02,-6.142117381095886230e-01,-5.768639445304870605e-01
4.544544544544546483e-01,2.502502502502501613e-01,5.590043663978576660e-01,1.859796494245529175e-01
9.869869869869871692e-01,-1.811811811811811834e+00,-1.943359524011611938e-01,-1.449941158294677734e+00
4.584584584584585620e-01,-8.068068068068068310e-01,6.146367192268371582e-01,-9.619569182395935059e-01
-1.027027027027027195e+00,-5.805805805805808184e-02,-1.257975339889526367e+00,-7.199918627738952637e-01
-8.388388388388388073e-01,1.591591591591591470e+00,-8.584236502647399902e-01,1.584296345710754395e+00
-7.227227227227226436e-01,1.059059059059058949e+00,-6.867005825042724609e-01,9.849413633346557617e-01
1.741741741741740235e-01,-1.319319319319319339e+00,1.752573549747467041e-01,-1.572345614433288574e+00
4.064064064064063508e-01,-1.115115115115115074e+00,4.666314646601676941e-02,-1.251697778701782227e+00
4.664664664664663896e-01,-1.501501501501500968e-01,5.818372368812561035e-01,-1.893803626298904419e-01
8.828828828828827469e-01,-1.699699699699699806e+00,6.540704369544982910e-01,-1.366731762886047363e+00
1.061061061061061572e-01,1.519519519519519690e+00,1.055320948362350464e-01,1.511909484863281250e+00
3.543543543543541396e-01,2.542542542542540751e-01,4.257161617279052734e-01,1.152981221675872803e-01
8.308308308308309797e-01,-9.029029029029029818e-01,1.037461996078491211e+00,-1.063214540481567383e+00
-9.749749749749749839e-01,6.266266266266264928e-01,-1.086225986480712891e+00,3.236976265907287598e-01
-8.228228228228229302e-01,-8.908908908908907964e-01,-7.586348652839660645e-01,-1.098803997039794922e+00
1.375375375375375242e+00,-8.148148148148148806e-01,1.232916116714477539e+00,-8.030791878700256348e-01
-8.228228228228229302e-01,-8.908908908908907964e-01,-6.466812491416931152e-01,-1.140946269035339355e+00
-1.247247247247247337e+00,-2.462462462462462476e-01,-1.448930144309997559e+00,-5.554727911949157715e-01
-1.267267267267267350e+00,-1.543543543543543617e+00,-1.272030591964721680e+00,-1.316525936126708984e+00
1.021021021021022435e-01,2.102102102102101355e-01,2.169373631477355957e-01,1.285876054316759109e-02
4.504504504504502904e-01,1.355355355355355229e+00,4.835223853588104248e-01,1.335116147994995117e+00
1.319319319319319117e+00,-1.343343343343343488e+00,6.729119420051574707e-01,-1.249326944351196289e+00
-1.987987987987988037e+00,6.106106106106103937e-01,-2.127387285232543945e+00,6.072354912757873535e-01
-1.203203203203203175e+00,-3.823823823823824242e-01,-1.171114444732666016e+00,-1.125641107559204102e+00
-1.879879879879879923e+00,1.415415415415415268e+00,-2.050432443618774414e+00,1.446815729141235352e+00
1.359359359359359143e+00,-1.801801801801805603e-02,1.841500282287597656e+00,-6.335021555423736572e-02
5.185185185185186008e-01,4.704704704704703033e-01,5.091458559036254883e-01,4.619267582893371582e-01
-1.501501501501500968e-01,1.051051051051051122e+00,-1.570901423692703247e-01,1.067950963973999023e+00
-2.302302302302301484e-01,-1.811811811811811834e+00,-4.292593896389007568e-01,-1.498495221138000488e+00
5.005005005005003227e-02,4.104104104104102646e-01,2.393421344459056854e-02,3.852819204330444336e-01
-9.429429429429430076e-01,1.007007007007007182e+00,-9.837185144424438477e-01,6.393155455589294434e-01
-1.555555555555555580e+00,1.307307307307307376e+00,-1.775500535964965820e+00,1.225704789161682129e+00
-1.731731731731731783e+00,-2.062062062062062218e-01,-1.712730050086975098e+00,-4.942143261432647705e-01
-4.064064064064063508e-01,-4.064064064064063508e-01,-1.730550527572631836e-01,-8.896054625511169434e-01
-1.303303303303303462e+00,-1.155155155155155100e+00,-1.253664612770080566e+00,-1.287175178527832031e+00
5.265265265265264283e-01,-1.511511511511511419e+00,-2.587299644947052002e-01,-1.580200910568237305e+00
-2.302302302302301484e-01,-1.539539539539539481e+00,-3.979582488536834717e-01,-1.253066897392272949e+00
-1.019019019019018923e+00,-1.527527527527527518e+00,-1.197572588920593262e+00,-1.391535639762878418e+00
1.935935935935936048e+00,8.428428428428427210e-01,1.881093859672546387e+00,8.446410894393920898e-01
-8.628628628628629560e-01,1.359359359359359143e+00,-9.276043772697448730e-01,1.322720646858215332e+00
2.002002002002178926e-03,-1.141141141141142068e-01,1.034049615263938904e-01,-2.736300826072692871e-01
-3.423423423423423984e-01,1.927927927927927776e+00,-3.416570723056793213e-01,1.939024329185485840e+00
-1.159159159159159014e+00,9.629629629629627985e-01,-1.190415740013122559e+00,8.633475303649902344e-01
-1.231231231231231238e+00,-1.827827827827827711e+00,-1.165648818016052246e+00,-1.579978585243225098e+00
-1.555555555555555580e+00,1.307307307307307376e+00,-1.651306033134460449e+00,1.228983640670776367e+00
1.587587587587587556e+00,-1.099099099099098975e+00,1.676257729530334473e+00,-1.226821541786193848e+00
-9.749749749749749839e-01,6.266266266266264928e-01,-1.020740270614624023e+00,4.613409936428070068e-01
1.115115115115115074e+00,-7.027027027027026307e-01,9.546865224838256836e-01,-8.096935749053955078e-01
-1.883883883883883836e+00,1.439439439439439195e+00,-1.910359859466552734e+00,1.391414761543273926e+00
1.101101101101100710e-01,-1.123123123123123124e+00,-2.905552983283996582e-01,-1.143627047538757324e+00
-8.868868868868868827e-01,-1.981981981981981722e-01,-1.003995299339294434e+00,-6.315877437591552734e-01
7.267267267267265574e-01,1.061061061061061572e-01,7.487769126892089844e-01,-2.008728217333555222e-03
-1.651651651651651731e+00,1.695695695695695449e+00,-1.799974322319030762e+00,1.632531523704528809e+00
-1.043043043043043072e+00,1.027027027027027195e+00,-1.042813062667846680e+00,9.973715543746948242e-01
-3.583583583583582755e-01,8.828828828828827469e-01,-3.403423428535461426e-01,8.523846864700317383e-01
-1.183183183183183163e+00,6.586586586586586911e-01,-1.271627068519592285e+00,5.105892568826675415e-02
-1.835835835835835761e+00,6.346346346346347644e-01,-2.125099182128906250e+00,4.571081399917602539e-01
4.064064064064063508e-01,-1.923923923923923862e+00,1.367639005184173584e-01,-1.492398262023925781e+00
2.742742742742740880e-01,1.243243243243243423e+00,2.603307068347930908e-01,1.214515089988708496e+00
-1.355355355355355229e+00,-1.451451451451451380e+00,-1.084526777267456055e+00,-1.355041503906250000e+00
-8.868868868868868827e-01,-1.981981981981981722e-01,-9.659369587898254395e-01,-4.735843539237976074e-01
4.064064064064063508e-01,-1.923923923923923862e+00,-2.130517512559890747e-01,-1.550603747367858887e+00
-1.043043043043043072e+00,1.027027027027027195e+00,-1.006897091865539551e+00,1.066405177116394043e+00
1.791791791791791599e+00,9.309309309309310443e-01,1.824090719223022461e+00,9.079923033714294434e-01
1.791791791791791599e+00,9.309309309309310443e-01,1.880657672882080078e+00,9.022673964500427246e-01
8.148148148148148806e-01,1.211211211211211225e+00,8.504671454429626465e-01,1.158801794052124023e+00
-6.866866866866867536e-01,-6.206206206206199560e-02,-7.003942131996154785e-01,-5.603166222572326660e-01
3.383383383383384846e-01,2.902902902902901872e-01,3.671425879001617432e-01,2.412811815738677979e-01
1.311311311311311290e+00,-1.927927927927927998e+00,-1.436414290219545364e-02,-1.540768980979919434e+00
-9.749749749749749839e-01,6.266266266266264928e-01,-9.450162649154663086e-01,4.445573687553405762e-01
4.544544544544546483e-01,2.502502502502501613e-01,4.216900765895843506e-01,2.816000580787658691e-01
-1.875875875875875787e+00,1.679679679679679793e+00,-2.130279541015625000e+00,1.642148137092590332e+00
-1.379379379379379378e+00,3.463463463463463121e-01,-1.750395298004150391e+00,-1.120594665408134460e-01
-6.866866866866867536e-01,-6.206206206206199560e-02,-6.906930208206176758e-01,-4.881286919116973877e-01
-3.583583583583582755e-01,8.828828828828827469e-01,-3.582386374473571777e-01,8.404957652091979980e-01
-1.879879879879879923e+00,1.415415415415415268e+00,-1.934456825256347656e+00,1.353085994720458984e+00
6.506506506506504195e-01,4.204204204204220474e-02,5.550388693809509277e-01,6.300940364599227905e-02
3.383383383383384846e-01,2.902902902902901872e-01,4.074119329452514648e-01,2.089810669422149658e-01
4.584584584584585620e-01,-1.203203203203203175e+00,5.997024849057197571e-02,-1.221714735031127930e+00
8.148148148148148806e-01,1.211211211211211225e+00,8.114026784896850586e-01,1.222894787788391113e+00
2.902902902902901872e-01,-2.982982982982982367e-01,3.474214076995849609e-01,-5.048964619636535645e-01
-7.227227227227226436e-01,1.059059059059058949e+00,-7.648385763168334961e-01,9.294410943984985352e-01
-4.664664664664663896e-01,1.219219219219219053e+00,-4.735805988311767578e-01,1.198801398277282715e+00
9.349349349349349581e-01,1.151151151151151186e+00,9.541814327239990234e-01,1.111062884330749512e+00
-8.108108108108107448e-01,1.227227227227227324e+00,-8.155822753906250000e-01,1.179571509361267090e+00
1.935935935935936048e+00,8.428428428428427210e-01,1.931717634201049805e+00,8.516559004783630371e-01
9.949949949949949968e-01,-1.859859859859859910e+00,-7.244762778282165527e-02,-1.471142768859863281e+00
4.464464464464463767e-01,7.107107107107109023e-01,4.467412233352661133e-01,7.010583281517028809e-01
8.508508508508509927e-01,-1.621621621621622822e-01,9.321855902671813965e-01,-1.646474003791809082e-01
1.843843843843843811e+00,-5.145145145145144649e-01,2.057343959808349609e+00,-6.085686683654785156e-01
3.543543543543541396e-01,2.542542542542540751e-01,2.540049254894256592e-01,2.969731986522674561e-01
1.819819819819819884e+00,-2.262262262262262347e-01,2.009699344635009766e+00,-3.484712839126586914e-01
2.000000000000000000e+00,8.148148148148148806e-01,1.974249243736267090e+00,8.303977847099304199e-01
-5.945945945945945166e-01,-4.424424424424424629e-01,-5.763113498687744141e-01,-7.688713669776916504e-01
-9.809809809809810766e-02,1.599599599599599742e+00,-8.373666554689407349e-02,1.611489892005920410e+00
4.064064064064063508e-01,-1.115115115115115074e+00,2.275856733322143555e-01,-1.072610855102539062e+00
1.007007007007007182e+00,-2.822822822822823596e-01,9.926729202270507812e-01,-2.669328451156616211e-01
1.475475475475475307e+00,3.583583583583584975e-01,1.551354765892028809e+00,3.191417455673217773e-01
1.431431431431431367e+00,8.228228228228227081e-01,1.505382061004638672e+00,8.512265682220458984e-01
-3.263263263263262992e-01,1.199199199199199040e+00,-3.062379062175750732e-01,1.128670573234558105e+00
1.935935935935936048e+00,8.428428428428427210e-01,1.840093851089477539e+00,8.660143017768859863e-01
-1.907907907907907985e+00,9.409409409409397185e-02,-1.994963288307189941e+00,-1.418238580226898193e-01
1.231231231231231238e+00,-5.065065065065064154e-01,1.207309246063232422e+00,-5.274963974952697754e-01
9.949949949949949968e-01,-1.859859859859859910e+00,6.460715830326080322e-02,-1.370365023612976074e+00
1.119119119119118988e+00,5.385385385385386137e-01,1.125215888023376465e+00,4.727824330329895020e-01
-3.183183183183182496e-01,-1.279279279279279313e+00,-3.075695037841796875e-01,-1.447601914405822754e+00
-1.401401401401392022e-02,1.901901901901901226e-01,3.724095597863197327e-02,9.540458023548126221e-02
-9.809809809809810766e-02,1.599599599599599742e+00,-1.145830973982810974e-01,1.570796847343444824e+00
7.027027027027026307e-01,-1.599599599599599742e+00,4.922252297401428223e-01,-1.511437416076660156e+00
4.544544544544546483e-01,2.502502502502501613e-01,4.669783711433410645e-01,2.349248826503753662e-01
-1.267267267267267350e+00,-1.543543543543543617e+00,-1.061596751213073730e+00,-1.310803771018981934e+00
-1.247247247247247337e+00,-2.462462462462462476e-01,-1.282131671905517578e+00,-9.251275062561035156e-01
-1.019019019019018923e+00,-1.527527527527527518e+00,-1.130124449729919434e+00,-1.331437110900878906e+00
3.983983983983985233e-01,1.801801801801783398e-02,4.294578433036804199e-01,-7.753350585699081421e-02
-3.583583583583582755e-01,8.828828828828827469e-01,-3.227689266204833984e-01,8.196080923080444336e-01
1.843843843843843811e+00,4.184184184184185362e-01,1.779558062553405762e+00,4.246965944766998291e-01
-9.809809809809810766e-02,1.599599599599599742e+00,-1.110287979245185852e-01,1.575496912002563477e+00
2.002002002002178926e-03,-1.141141141141142068e-01,5.983848869800567627e-02,-4.540170431137084961e-01
-1.047047047047047208e+00,5.805805805805785980e-02,-1.455960154533386230e+00,-4.026017785072326660e-01
1.343343343343343488e+00,-1.023023023023023059e+00,1.660250067710876465e+00,-1.144619345664978027e+00
-1.811811811811811834e+00,-5.185185185185186008e-01,-1.815570354461669922e+00,-8.706929087638854980e-01
1.079079079079078962e+00,-1.203203203203203175e+00,8.279084563255310059e-01,-1.274422526359558105e+00
-9.429429429429430076e-01,1.007007007007007182e+00,-9.262363314628601074e-01,1.016984224319458008e+00
1.311311311311311290e+00,-1.927927927927927998e+00,2.447321414947509766e-01,-1.666152477264404297e+00
-9.549549549549549710e-01,-4.104104104104104866e-01,-1.010915517807006836e+00,-7.278359532356262207e-01
-2.002002002001956882e-03,-3.263263263263262992e-01,2.553861141204833984e-01,-4.824255108833312988e-01
-2.002002002001956882e-03,-3.263263263263262992e-01,9.277724660933017731e-03,-4.713736474514007568e-01
-1.083083083083083098e+00,3.103103103103102001e-01,-1.126191496849060059e+00,3.281463682651519775e-01
-1.355355355355355229e+00,-1.451451451451451380e+00,-9.233033657073974609e-01,-1.425569772720336914e+00
1.751751751751751573e+00,1.221221221221222564e-01,1.581451177597045898e+00,1.589722931385040283e-01
1.935935935935936048e+00,8.428428428428427210e-01,1.909374952316284180e+00,8.594720959663391113e-01
1.843843843843843811e+00,-5.145145145145144649e-01,1.715153813362121582e+00,-5.056470632553100586e-01
1.351351351351351315e+00,-1.867867867867867959e+00,-3.501040628179907799e-03,-1.441431760787963867e+00
-1.455455455455455516e+00,-1.455455455455455516e+00,-1.219686627388000488e+00,-1.309056401252746582e+00
-1.455455455455455516e+00,-1.455455455455455516e+00,-1.235050559043884277e+00,-1.545673608779907227e+00
2.942942942942941009e-01,1.387387387387387427e+00,2.759815156459808350e-01,1.326179027557373047e+00
-4.064064064064063508e-01,-4.064064064064063508e-01,-1.706610769033432007e-01,-9.077785015106201172e-01
-1.199199199199199262e+00,-3.503503503503504479e-01,-1.189397811889648438e+00,-9.220883846282958984e-01
1.101101101101100710e-01,-1.123123123123123124e+00,-3.341259434819221497e-02,-1.425901770591735840e+00
-1.203203203203203175e+00,-3.823823823823824242e-01,-1.424937963485717773e+00,-1.001720547676086426e+00
-1.547547547547547531e+00,-1.151151151151151186e+00,-1.090318322181701660e+00,-1.289752125740051270e+00
-1.547547547547547531e+00,-1.151151151151151186e+00,-1.123200416564941406e+00,-1.303581714630126953e+00
1.101101101101100710e-01,-1.123123123123123124e+00,8.907699026167392731e-03,-1.166318535804748535e+00
-1.875875875875875787e+00,-6.466466466466467278e-01,-1.819032907485961914e+00,-9.250439405441284180e-01
-2.022022022022023080e-01,4.944944944944946741e-01,-2.085331380367279053e-01,5.092147588729858398e-01
-1.159159159159159014e+00,9.629629629629627985e-01,-1.221490859985351562e+00,7.077951431274414062e-01
1.935935935935936048e+00,8.428428428428427210e-01,1.858051776885986328e+00,8.579621911048889160e-01
-7.707707707707707190e-01,-8.608608608608614432e-02,-7.962722778320312500e-01,-2.804968953132629395e-01
-1.387387387387387427e+00,-1.383383383383383514e+00,-9.158836603164672852e-01,-1.367662668228149414e+00
1.495495495495495319e+00,2.462462462462462476e-01,1.484716534614562988e+00,1.894508600234985352e-01
-1.323323323323323475e+00,-3.263263263263262992e-01,-1.232813000679016113e+00,-9.726937413215637207e-01
-1.111111111111111160e+00,3.003003003003001936e-02,-1.134981274604797363e+00,-4.208393096923828125e-01
-1.199199199199199262e+00,-3.503503503503504479e-01,-1.063249826431274414e+00,-7.899305820465087891e-01
2.000000000000000000e+00,8.148148148148148806e-01,2.093769550323486328e+00,8.626627326011657715e-01
1.935935935935936048e+00,-9.549549549549549710e-01,1.790929555892944336e+00,-9.852797389030456543e-01
-1.987987987987988037e+00,6.106106106106103937e-01,-2.174424409866333008e+00,4.983782768249511719e-01
4.304304304304302775e-01,-1.911911911911911899e+00,-3.912701606750488281e-01,-1.440901517868041992e+00
-1.043043043043043072e+00,1.027027027027027195e+00,-1.110118389129638672e+00,9.411918520927429199e-01
-1.223223223223223188e+00,-5.025025025025025016e-01,-1.332432746887207031e+00,-1.081477165222167969e+00
-9.549549549549549710e-01,-4.104104104104104866e-01,-1.086081743240356445e+00,-5.887457132339477539e-01
-2.502502502502501613e-01,-1.603603603603603656e+00,-9.651292562484741211e-01,-1.211143016815185547e+00
-1.291291291291291277e+00,1.803803803803803785e+00,-1.298551440238952637e+00,1.808936834335327148e+00
-9.309309309309310443e-01,-4.584584584584585620e-01,-1.273428797721862793e+00,-7.527624964714050293e-01
1.495495495495495319e+00,2.462462462462462476e-01,1.570417881011962891e+00,2.222951054573059082e-01
-1.183183183183183163e+00,6.586586586586586911e-01,-1.351313829421997070e+00,5.256948992609977722e-02
1.843843843843843811e+00,-5.145145145145144649e-01,1.490812182426452637e+00,-5.083670020103454590e-01
5.005005005005003227e-02,4.104104104104102646e-01,6.734043359756469727e-02,3.718253672122955322e-01
3.783783783783785104e-01,-1.011011011011011096e+00,2.759214043617248535e-01,-1.065403223037719727e+00
1.547547547547547531e+00,-1.719719719719719819e+00,9.762973058968782425e-05,-1.544763326644897461e+00
9.389389389389388718e-01,1.263263263263263436e+00,9.482651352882385254e-01,1.175219893455505371e+00
-8.348348348348348935e-01,-6.606606606606613141e-02,-7.940192818641662598e-01,-6.853030323982238770e-01
1.803803803803803785e+00,3.023023023023023725e-01,1.804554581642150879e+00,2.729970514774322510e-01
1.839839839839839897e+00,-1.655655655655655645e+00,2.223859876394271851e-01,-1.398016571998596191e+00
-1.043043043043043072e+00,1.027027027027027195e+00,-1.063228726387023926e+00,1.025572180747985840e+00
2.002002002002178926e-03,-1.141141141141142068e-01,2.377724647521972656e-01,-5.475220680236816406e-01
3.543543543543541396e-01,2.542542542542540751e-01,5.440622568130493164e-01,1.394526958465576172e-01
-8.868868868868868827e-01,-1.981981981981981722e-01,-8.337593674659729004e-01,-7.093971371650695801e-01
-8.628628628628629560e-01,1.359359359359359143e+00,-8.772683739662170410e-01,1.255712509155273438e+00
-1.459459459459459429e+00,3.703703703703702388e-01,-1.774414300918579102e+00,1.932490617036819458e-01
9.189189189189188589e-01,-8.908908908908907964e-01,8.677541017532348633e-01,-1.107915520668029785e+00
-8.348348348348348935e-01,-6.606606606606613141e-02,-7.853241562843322754e-01,-1.190592125058174133e-01
-5.945945945945945166e-01,-4.424424424424424629e-01,-5.543082952499389648e-01,-9.578392505645751953e-01
-1.223223223223223188e+00,-5.025025025025025016e-01,-1.224461436271667480e+00,-1.152141571044921875e+00
-6.746746746746747903e-01,1.247247247247247337e+00,-6.785266399383544922e-01,1.253513813018798828e+00
-1.975975975975976073e+00,7.947947947947948677e-01,-2.223998785018920898e+00,6.800360679626464844e-01
8.148148148148148806e-01,1.211211211211211225e+00,8.066966533660888672e-01,1.187635421752929688e+00
-9.429429429429430076e-01,1.007007007007007182e+00,-9.935806989669799805e-01,9.479898214340209961e-01
-1.307307307307307376e+00,-2.982982982982982367e-01,-1.309268474578857422e+00,-8.522589206695556641e-01
-3.583583583583582755e-01,8.828828828828827469e-01,-3.218559920787811279e-01,8.348299264907836914e-01
9.229229229229227727e-01,-4.504504504504505125e-01,8.491469025611877441e-01,-4.984941482543945312e-01
-1.975975975975976073e+00,7.947947947947948677e-01,-1.921259045600891113e+00,7.266799807548522949e-01
2.742742742742740880e-01,1.243243243243243423e+00,2.965936064720153809e-01,1.206323027610778809e+00
8.428428428428427210e-01,-1.515515515515515554e+00,4.221495091915130615e-01,-1.658959150314331055e+00
7.407407407407395894e-02,1.703703703703703720e+00,9.340818226337432861e-02,1.662484288215637207e+00
1.781781781781779372e-01,-1.387387387387387427e+00,-1.110770702362060547e-01,-1.226578116416931152e+00
-9.749749749749749839e-01,-1.507507507507507505e+00,-1.118767023086547852e+00,-1.191823005676269531e+00
-8.908908908908907964e-01,8.428428428428427210e-01,-8.841302394866943359e-01,7.471709847450256348e-01
1.791791791791791599e+00,9.309309309309310443e-01,1.735660672187805176e+00,9.323809146881103516e-01
-1.367367367367367414e+00,3.403403403403393312e-02,-1.469463944435119629e+00,-4.361717998981475830e-01
1.007007007007007182e+00,-2.822822822822823596e-01,1.086717963218688965e+00,-3.012728691101074219e-01
3.783783783783785104e-01,-1.011011011011011096e+00,3.083984851837158203e-01,-1.392914891242980957e+00
-1.019019019019018923e+00,-1.527527527527527518e+00,-9.988721013069152832e-01,-1.470592141151428223e+00
3.623623623623624113e-01,-1.895895895895895800e+00,-3.387402594089508057e-01,-1.340224742889404297e+00
-1.263263263263263214e+00,-1.619619619619619755e+00,-9.345505833625793457e-01,-1.355288624763488770e+00
1.843843843843843811e+00,-5.145145145145144649e-01,1.808034300804138184e+00,-5.955557823181152344e-01
7.027027027027026307e-01,-1.599599599599599742e+00,4.817195236682891846e-01,-1.519588470458984375e+00
8.348348348348348935e-01,2.862862862862862734e-01,8.175040483474731445e-01,2.296729981899261475e-01
1.043043043043042850e+00,-3.903903903903904737e-01,1.157026529312133789e+00,-5.405816435813903809e-01
1.311311311311311290e+00,-1.927927927927927998e+00,-6.425344944000244141e-02,-1.753709316253662109e+00
-1.203203203203203175e+00,8.988988988988988460e-01,-1.308295369148254395e+00,4.279861152172088623e-01
5.005005005005003227e-02,4.104104104104102646e-01,1.010684370994567871e-01,3.910685479640960693e-01
-1.291291291291291277e+00,9.869869869869871692e-01,-1.328147768974304199e+00,9.429695010185241699e-01
9.389389389389388718e-01,1.263263263263263436e+00,9.337893724441528320e-01,1.179567575454711914e+00
-2.582582582582582109e-01,1.395395395395395255e+00,-2.350741922855377197e-01,1.390118360519409180e+00
2.902902902902901872e-01,-2.982982982982982367e-01,3.706316351890563965e-01,-3.861517906188964844e-01
1.359359359359359143e+00,-1.801801801801805603e-02,1.398593306541442871e+00,-5.137900635600090027e-02
-1.871871871871871873e+00,6.826826826826826178e-01,-2.143515348434448242e+00,5.285302400588989258e-01
1.359359359359359143e+00,-1.801801801801805603e-02,1.518956422805786133e+00,-5.599663034081459045e-02
1.007007007007007182e+00,-2.822822822822823596e-01,1.138089179992675781e+00,-3.377648293972015381e-01
-1.043043043043043072e+00,3.183183183183184717e-01,-1.155047893524169922e+00,1.114209145307540894e-01
-2.502502502502501613e-01,-1.603603603603603656e+00,-7.094657421112060547e-01,-1.442636847496032715e+00
-1.203203203203203175e+00,8.988988988988988460e-01,-1.280297636985778809e+00,7.681684494018554688e-01
4.064064064064063508e-01,-1.115115115115115074e+00,-6.687316298484802246e-02,-1.154262423515319824e+00
-1.231231231231231238e+00,-1.827827827827827711e+00,-1.260439276695251465e+00,-1.391473531723022461e+00
1.319319319319319117e+00,-1.343343343343343488e+00,3.889067769050598145e-01,-1.161297082901000977e+00
9.349349349349349581e-01,1.151151151151151186e+00,9.039802551269531250e-01,1.152891993522644043e+00
1.375375375375375242e+00,-8.148148148148148806e-01,8.222398161888122559e-01,-9.711830615997314453e-01
-1.875875875875875787e+00,-6.466466466466467278e-01,-1.631680011749267578e+00,-8.655005097389221191e-01
-1.547547547547547531e+00,-1.151151151151151186e+00,-1.412468910217285156e+00,-1.238205075263977051e+00
2.742742742742740880e-01,1.243243243243243423e+00,2.483189254999160767e-01,1.242109179496765137e+00
6.506506506506504195e-01,4.204204204204220474e-02,6.808009147644042969e-01,-4.883416369557380676e-02
-1.047047047047047208e+00,5.805805805805785980e-02,-1.258913636207580566e+00,-3.682606518268585205e-01
-2.002002002001956882e-03,-3.263263263263262992e-01,1.527595520019531250e-01,-7.514071464538574219e-01
-7.307307307307306932e-01,-1.235235235235235152e+00,-7.393563985824584961e-01,-1.155718445777893066e+00
-8.908908908908907964e-01,8.428428428428427210e-01,-8.704211711883544922e-01,7.771815657615661621e-01
-1.043043043043043072e+00,3.183183183183184717e-01,-1.073475837707519531e+00,4.433942958712577820e-02
-1.307307307307307376e+00,-2.982982982982982367e-01,-1.313655018806457520e+00,-7.206819653511047363e-01
-1.719719719719719819e+00,-7.467467467467467923e-01,-1.840080618858337402e+00,-9.253947138786315918e-01
4.104104104104102646e-01,-1.959959959959959974e+00,-4.869118034839630127e-01,-1.589703559875488281e+00
-1.291291291291291277e+00,9.869869869869871692e-01,-1.290636301040649414e+00,9.660813212394714355e-01
-7.467467467467467923e-01,8.208208208208223056e-02,-6.801079511642456055e-01,-1.329053342342376709e-01
1.431431431431431367e+00,8.228228228228227081e-01,1.422313213348388672e+00,8.440682291984558105e-01
-1.063063063063063085e+00,-1.539539539539539481e+00,-1.033994436264038086e+00,-1.469991564750671387e+00
1.375375375375375242e+00,-8.148148148148148806e-01,1.433268904685974121e+00,-8.736683130264282227e-01
7.407407407407395894e-02,1.703703703703703720e+00,1.167206093668937683e-01,1.602860331535339355e+00
1.751751751751751573e+00,1.221221221221222564e-01,1.653747677803039551e+00,1.465639770030975342e-01
2.182182182182184071e-01,-9.629629629629630205e-01,2.609120011329650879e-01,-1.230603694915771484e+00
3.783783783783785104e-01,-1.011011011011011096e+00,4.721591770648956299e-01,-1.254864811897277832e+00
-1.459459459459459429e+00,3.703703703703702388e-01,-1.475799560546875000e+00,7.575691491365432739e-02
1.781781781781779372e-01,-1.387387387387387427e+00,-1.246320530772209167e-01,-1.539557337760925293e+00
4.664664664664663896e-01,-1.501501501501500968e-01,4.349927008152008057e-01,-1.534097194671630859e-01
-2.302302302302301484e-01,-1.811811811811811834e+00,-6.597190499305725098e-01,-1.364740252494812012e+00
5.225225225225225145e-01,2.202202202202219183e-02,5.301073193550109863e-01,2.750055864453315735e-02
-1.355355355355355229e+00,-1.451451451451451380e+00,-1.246335268020629883e+00,-1.324892878532409668e+00
1.319319319319319117e+00,-1.343343343343343488e+00,9.050307869911193848e-01,-1.276155829429626465e+00
1.003003003003002824e+00,3.303303303303302130e-01,1.079989552497863770e+00,2.258479893207550049e-01
7.027027027027026307e-01,-1.599599599599599742e+00,2.447787672281265259e-01,-1.554565548896789551e+00
-1.423423423423423539e+00,1.711711711711711548e+00,-1.476873755455017090e+00,1.687993168830871582e+00
8.588588588588588202e-01,-1.183183183183183163e+00,5.672206878662109375e-01,-1.326316118240356445e+00
-8.868868868868868827e-01,-1.981981981981981722e-01,-8.357367515563964844e-01,-5.369408726692199707e-01
2.000000000000000000e+00,8.148148148148148806e-01,1.961607217788696289e+00,7.865287065505981445e-01
1.819819819819819884e+00,-2.262262262262262347e-01,1.904268383979797363e+00,-2.638713717460632324e-01
1.607607607607607569e+00,5.305305305305303420e-01,1.691819190979003906e+00,4.904672503471374512e-01
-1.291291291291291277e+00,1.803803803803803785e+00,-1.369102597236633301e+00,1.755072593688964844e+00
8.828828828828827469e-01,-1.699699699699699806e+00,1.774341613054275513e-01,-1.504419445991516113e+00
1.987987987987987815e+00,-1.203203203203203175e+00,1.380113244056701660e+00,-1.404226899147033691e+00
-7.227227227227226436e-01,1.059059059059058949e+00,-7.458759546279907227e-01,8.552567958831787109e-01
-8.348348348348348935e-01,-6.606606606606613141e-02,-9.409343004226684570e-01,-5.670633912086486816e-01
-7.707707707707707190e-01,-8.608608608608614432e-02,-7.941624522209167480e-01,-7.805176377296447754e-01
-1.323323323323323475e+00,-3.263263263263262992e-01,-1.383215665817260742e+00,-9.301716089248657227e-01
9.949949949949949968e-01,-1.859859859859859910e+00,2.289270460605621338e-01,-1.526020050048828125e+00
4.504504504504502904e-01,1.355355355355355229e+00,4.862911403179168701e-01,1.327947735786437988e+00
-5.945945945945945166e-01,-4.424424424424424629e-01,-5.353888273239135742e-01,-9.123535752296447754e-01
-1.811811811811811834e+00,-5.185185185185186008e-01,-1.625470638275146484e+00,-1.160071849822998047e+00
9.469469469469471434e-01,8.588588588588588202e-01,9.557316303253173828e-01,8.348543643951416016e-01
-1.435435435435435281e+00,-1.501501501501500968e-01,-1.425071835517883301e+00,-2.977283895015716553e-01
-1.987987987987988037e+00,6.106106106106103937e-01,-2.210080623626708984e+00,3.736105561256408691e-01
5.005005005005003227e-02,4.104104104104102646e-01,7.569479197263717651e-02,4.030975699424743652e-01
-1.401401401401392022e-02,1.901901901901901226e-01,-1.297305524349212646e-01,2.001914978027343750e-01
-1.811811811811811834e+00,-5.185185185185186008e-01,-1.947592854499816895e+00,-7.406417131423950195e-01
8.148148148148148806e-01,1.211211211211211225e+00,7.977246046066284180e-01,1.204178929328918457e+00
5.005005005005003227e-02,4.104104104104102646e-01,7.305634766817092896e-02,3.284522294998168945e-01
-1.511511511511511419e+00,-2.602602602602610560e-02,-1.635299324989318848e+00,-1.115083917975425720e-01
-6.746746746746747903e-01,1.247247247247247337e+00,-6.817660927772521973e-01,1.194440245628356934e+00
1.819819819819819884e+00,-2.262262262262262347e-01,2.096757411956787109e+00,-3.240548074245452881e-01
3.983983983983985233e-01,1.801801801801783398e-02,4.145568609237670898e-01,-1.171265989542007446e-01
-7.987987987987987815e-01,1.979979979979979987e+00,-8.126732707023620605e-01,1.933966636657714844e+00
-1.675675675675675658e+00,-5.005005005005003227e-02,-2.230122089385986328e+00,-3.916870653629302979e-01
-3.423423423423423984e-01,1.927927927927927776e+00,-3.268685638904571533e-01,1.917784929275512695e+00
-9.749749749749749839e-01,6.266266266266264928e-01,-1.143904566764831543e+00,2.053910046815872192e-01
1.115115115115115074e+00,-7.027027027027026307e-01,1.002879142761230469e+00,-7.818107604980468750e-01
1.895895895895896022e+00,5.025025025025025016e-01,2.027730703353881836e+00,5.083214044570922852e-01
-1.183183183183183163e+00,6.586586586586586911e-01,-1.344079136848449707e+00,6.197012662887573242e-01
9.469469469469471434e-01,8.588588588588588202e-01,1.013961911201477051e+00,8.443583250045776367e-01
-1.731731731731731783e+00,-2.062062062062062218e-01,-1.830771207809448242e+00,-7.696341872215270996e-01
-1.879879879879879923e+00,1.415415415415415268e+00,-2.154503107070922852e+00,1.312170028686523438e+00
8.308308308308309797e-01,-9.029029029029029818e-01,8.399509787559509277e-01,-1.001885771751403809e+00
1.501501501501500968e-01,-2.202202202202196979e-02,1.710766553878784180e-01,4.470599815249443054e-03
1.587587587587587556e+00,-1.099099099099098975e+00,1.536036610603332520e+00,-1.079226016998291016e+00
-1.875875875875875787e+00,-6.466466466466467278e-01,-1.416920661926269531e+00,-1.071608543395996094e+00
4.304304304304302775e-01,-1.911911911911911899e+00,-5.415734648704528809e-02,-1.479936242103576660e+00
-4.064064064064063508e-01,-4.064064064064063508e-01,-3.935407996177673340e-01,-9.887020587921142578e-01
4.544544544544546483e-01,2.502502502502501613e-01,5.207397937774658203e-01,1.764480918645858765e-01
1.741741741741740235e-01,-1.319319319319319339e+00,-3.966603055596351624e-02,-1.386045694351196289e+00
-6.866866866866867536e-01,-6.206206206206199560e-02,-6.224949359893798828e-01,-3.650400042533874512e-01
-1.263263263263263214e+00,-1.619619619619619755e+00,-1.042666077613830566e+00,-1.164129972457885742e+00
1.751751751751751573e+00,1.221221221221222564e-01,1.645194292068481445e+00,1.784200221300125122e-02
-1.419419419419419404e+00,-8.308308308308307577e-01,-9.217135906219482422e-01,-1.085479378700256348e+00
-8.388388388388388073e-01,1.591591591591591470e+00,-8.374202251434326172e-01,1.583394169807434082e+00
1.101101101101100710e-01,-1.123123123123123124e+00,-1.298022717237472534e-01,-1.258383154869079590e+00
-3.263263263263262992e-01,1.199199199199199040e+00,-3.545309901237487793e-01,1.175848484039306641e+00
-8.908908908908907964e-01,8.428428428428427210e-01,-8.627558350563049316e-01,7.576393485069274902e-01
3.543543543543541396e-01,2.542542542542540751e-01,3.641844391822814941e-01,2.057184875011444092e-01
-1.203203203203203175e+00,-3.823823823823824242e-01,-1.581145882606506348e+00,-4.928888678550720215e-01
-1.043043043043043072e+00,3.183183183183184717e-01,-9.878336191177368164e-01,2.750172615051269531e-01
-1.871871871871871873e+00,6.826826826826826178e-01,-2.051403522491455078e+00,-3.377066925168037415e-02
4.104104104104102646e-01,-1.959959959959959974e+00,-1.642829626798629761e-01,-1.618210792541503906e+00
-3.183183183183182496e-01,-1.279279279279279313e+00,-3.534492254257202148e-01,-1.255394697189331055e+00
3.383383383383384846e-01,2.902902902902901872e-01,3.762170374393463135e-01,2.925389409065246582e-01
1.375375375375375242e+00,-8.148148148148148806e-01,1.489677309989929199e+00,-1.034705638885498047e+00
1.359359359359359143e+00,-1.801801801801805603e-02,1.448883295059204102e+00,-8.508820086717605591e-02
1.101101101101100710e-01,-1.123123123123123124e+00,2.622024118900299072e-01,-1.144037961959838867e+00
-9.749749749749749839e-01,6.266266266266264928e-01,-9.914449453353881836e-01,6.144027113914489746e-01
1.941941941941940364e-01,-1.595595595595595606e+00,-1.346708238124847412e-01,-1.483520507812500000e+00
-1.907907907907907985e+00,9.409409409409397185e-02,-1.725530266761779785e+00,-2.135569415986537933e-02
3.783783783783785104e-01,-1.011011011011011096e+00,3.057082593441009521e-01,-1.283211112022399902e+00
1.167167167167167285e+00,1.063063063063062863e+00,1.157367706298828125e+00,1.025512218475341797e+00
1.607607607607607569e+00,5.305305305305303420e-01,1.647527813911437988e+00,5.297776460647583008e-01
-1.207207207207207311e+00,6.306306306306304066e-01,-1.214320778846740723e+00,6.129611134529113770e-01
1.283283283283283449e+00,1.181181181181178985e-01,1.069860339164733887e+00,1.153068095445632935e-01
-1.351351351351351315e+00,-1.087087087087087234e+00,-9.812436699867248535e-01,-1.151799440383911133e+00
-1.835835835835835761e+00,6.346346346346347644e-01,-1.807405591011047363e+00,5.051743984222412109e-01
-1.871871871871871873e+00,1.723723723723723733e+00,-1.866520524024963379e+00,1.720306634902954102e+00
-6.866866866866867536e-01,-6.206206206206199560e-02,-4.609214663505554199e-01,-5.962917208671569824e-01
1.167167167167167285e+00,1.063063063063062863e+00,1.174906373023986816e+00,1.091657757759094238e+00
-3.503503503503504479e-01,1.163163163163162928e+00,-3.231690227985382080e-01,1.064589142799377441e+00
4.544544544544546483e-01,2.502502502502501613e-01,4.305579066276550293e-01,1.430996209383010864e-01
-3.983983983983985233e-01,1.711711711711711548e+00,-4.021153450012207031e-01,1.735729813575744629e+00
1.311311311311311290e+00,-1.927927927927927998e+00,2.818718254566192627e-01,-1.531330704689025879e+00
-1.675675675675675658e+00,-5.005005005005003227e-02,-1.775999784469604492e+00,-5.539655685424804688e-01
5.265265265265264283e-01,-1.181181181181181206e-01,5.922846794128417969e-01,-2.422354072332382202e-01
5.265265265265264283e-01,-1.511511511511511419e+00,6.968558579683303833e-02,-1.400767683982849121e+00
4.664664664664663896e-01,-1.501501501501500968e-01,4.990889430046081543e-01,-2.161785662174224854e-01
-1.987987987987988037e+00,6.106106106106103937e-01,-1.963809490203857422e+00,3.403265476226806641e-01
6.786786786786787040e-01,-1.381381381381381335e-01,6.164798736572265625e-01,-1.535064131021499634e-01
7.027027027027026307e-01,-1.599599599599599742e+00,-2.294630557298660278e-01,-1.449927806854248047e+00
-1.183183183183183163e+00,6.586586586586586911e-01,-1.382866263389587402e+00,1.589313596487045288e-01
-4.664664664664663896e-01,1.219219219219219053e+00,-4.855983257293701172e-01,1.241171717643737793e+00
-1.019019019019018923e+00,-1.527527527527527518e+00,-9.818130731582641602e-01,-1.438188195228576660e+00
-4.064064064064063508e-01,-4.064064064064063508e-01,-4.155669212341308594e-01,-5.917409658432006836e-01
1.843843843843843811e+00,-5.145145145145144649e-01,2.078767299652099609e+00,-6.290554404258728027e-01
8.308308308308309797e-01,-9.029029029029029818e-01,6.961467266082763672e-01,-1.081066608428955078e+00
-8.868868868868868827e-01,-1.981981981981981722e-01,-9.413921833038330078e-01,-5.724299550056457520e-01
-3.823823823823824242e-01,-5.345345345345344779e-01,-3.489322662353515625e-01,-8.665211200714111328e-01
1.607607607607607569e+00,5.305305305305303420e-01,1.584007978439331055e+00,5.594403147697448730e-01
-1.811811811811811834e+00,-5.185185185185186008e-01,-1.520426273345947266e+00,-9.113603830337524414e-01
1.607607607607607569e+00,5.305305305305303420e-01,1.682160019874572754e+00,5.443641543388366699e-01
-1.111111111111111160e+00,3.003003003003001936e-02,-1.222474694252014160e+00,-6.857227087020874023e-01
-1.355355355355355229e+00,-1.451451451451451380e+00,-1.112170934677124023e+00,-1.569249272346496582e+00
-7.467467467467467923e-01,8.208208208208223056e-02,-5.910077691078186035e-01,-4.655805528163909912e-01
-1.083083083083083098e+00,3.103103103103102001e-01,-1.268206238746643066e+00,-3.045259118080139160e-01
9.469469469469471434e-01,8.588588588588588202e-01,9.792398810386657715e-01,8.216194510459899902e-01
9.229229229229227727e-01,-4.504504504504505125e-01,1.096521735191345215e+00,-5.748885273933410645e-01
-3.983983983983985233e-01,1.711711711711711548e+00,-3.911998271942138672e-01,1.738977074623107910e+00
-1.435435435435435281e+00,-1.501501501501500968e-01,-1.751057267189025879e+00,-6.401845812797546387e-01
-1.199199199199199262e+00,-3.503503503503504479e-01,-1.251477122306823730e+00,-6.942717432975769043e-01
1.375375375375375242e+00,-8.148148148148148806e-01,1.479077696800231934e+00,-9.263712167739868164e-01
-1.879879879879879923e+00,-8.788788788788788331e-01,-1.313318967819213867e+00,-1.235100388526916504e+00
1.547547547547547531e+00,-1.719719719719719819e+00,1.069983482360839844e+00,-1.617574572563171387e+00
-7.987987987987987815e-01,1.979979979979979987e+00,-8.135768771171569824e-01,2.006152629852294922e+00
1.819819819819819884e+00,-2.262262262262262347e-01,1.752550005912780762e+00,-2.169363647699356079e-01
7.407407407407395894e-02,1.703703703703703720e+00,6.013416498899459839e-02,1.694022178649902344e+00
-8.108108108108107448e-01,1.227227227227227324e+00,-8.506111502647399902e-01,1.118771314620971680e+00
1.343343343343343488e+00,-1.023023023023023059e+00,1.132686853408813477e+00,-1.079030871391296387e+00
-4.064064064064063508e-01,-4.064064064064063508e-01,-3.253322541713714600e-01,-6.826375722885131836e-01
-1.459459459459459429e+00,3.703703703703702388e-01,-1.711024761199951172e+00,1.478212922811508179e-01
-3.423423423423423984e-01,1.927927927927927776e+00,-3.207025825977325439e-01,1.898951649665832520e+00
-1.267267267267267350e+00,-1.543543543543543617e+00,-1.220328569412231445e+00,-1.453147292137145996e+00
-8.108108108108107448e-01,1.227227227227227324e+00,-8.239988684654235840e-01,1.151410818099975586e+00
1.781781781781779372e-01,-1.387387387387387427e+00,-7.207919657230377197e-02,-1.181498527526855469e+00
1.115115115115115074e+00,-7.027027027027026307e-01,1.326261281967163086e+00,-7.675240635871887207e-01
4.424424424424424629e-01,-4.064064064064063508e-01,5.279485583305358887e-01,-3.938156366348266602e-01
-3.583583583583582755e-01,8.828828828828827469e-01,-3.069798350334167480e-01,8.620330095291137695e-01
-1.879879879879879923e+00,-8.788788788788788331e-01,-1.168913364410400391e+00,-1.083274960517883301e+00
-1.247247247247247337e+00,-2.462462462462462476e-01,-1.461164474487304688e+00,-8.243908882141113281e-01
-1.547547547547547531e+00,-1.151151151151151186e+00,-1.314931154251098633e+00,-1.183150529861450195e+00
-7.467467467467467923e-01,8.208208208208223056e-02,-7.331690788269042969e-01,-2.888010442256927490e-01
7.027027027027026307e-01,-1.599599599599599742e+00,1.908687204122543335e-01,-1.239269018173217773e+00
-8.348348348348348935e-01,-6.606606606606613141e-02,-9.248650670051574707e-01,-5.106313228607177734e-01
-1.675675675675675658e+00,-5.005005005005003227e-02,-1.865447759628295898e+00,-3.315337896347045898e-01
-7.307307307307306932e-01,-1.235235235235235152e+00,-5.082532763481140137e-01,-1.319626450538635254e+00
-1.355355355355355229e+00,-1.451451451451451380e+00,-1.158505439758300781e+00,-1.290175914764404297e+00
-1.879879879879879923e+00,-8.788788788788788331e-01,-1.492116808891296387e+00,-1.286895751953125000e+00
6.586586586586586911e-01,1.263263263263263436e+00,6.211413741111755371e-01,1.285327672958374023e+00
-3.263263263263262992e-01,1.199199199199199040e+00,-3.359882235527038574e-01,1.125354766845703125e+00
4.584584584584585620e-01,-1.203203203203203175e+00,5.393692255020141602e-01,-1.341723918914794922e+00
8.308308308308309797e-01,-9.029029029029029818e-01,6.076992750167846680e-01,-1.034545779228210449e+00
-1.291291291291291277e+00,9.869869869869871692e-01,-1.288892984390258789e+00,8.495569229125976562e-01
1.935935935935936048e+00,-9.549549549549549710e-01,1.700565814971923828e+00,-8.806394338607788086e-01
6.786786786786787040e-01,-1.381381381381381335e-01,6.990194916725158691e-01,-1.683018207550048828e-01
-1.811811811811811834e+00,-5.185185185185186008e-01,-1.391465663909912109e+00,-9.688608646392822266e-01
-1.291291291291291277e+00,1.803803803803803785e+00,-1.294210553169250488e+00,1.798501491546630859e+00
-2.142142142142142713e-01,-2.702702702702701743e-01,-6.306745857000350952e-02,-8.012531399726867676e-01
-7.707707707707707190e-01,-8.608608608608614432e-02,-7.001745104789733887e-01,-3.374752402305603027e-01
4.064064064064063508e-01,-1.923923923923923862e+00,-3.460244536399841309e-01,-1.296984434127807617e+00
-8.628628628628629560e-01,1.359359359359359143e+00,-8.511278033256530762e-01,1.325777173042297363e+00
4.584584584584585620e-01,-8.068068068068068310e-01,2.784945964813232422e-01,-9.037019014358520508e-01
5.225225225225225145e-01,2.202202202202219183e-02,5.994986891746520996e-01,-5.711452662944793701e-02
-8.388388388388388073e-01,1.591591591591591470e+00,-8.619899749755859375e-01,1.523418903350830078e+00
-3.583583583583582755e-01,8.828828828828827469e-01,-3.457414805889129639e-01,9.211420416831970215e-01
-1.907907907907907985e+00,9.409409409409397185e-02,-2.038445949554443359e+00,-1.906613707542419434e-01
-2.022022022022023080e-01,4.944944944944946741e-01,-5.007060244679450989e-02,2.971379756927490234e-01
5.005005005005003227e-02,4.104104104104102646e-01,9.702558815479278564e-02,3.190291225910186768e-01
1.547547547547547531e+00,-1.719719719719719819e+00,3.572302758693695068e-01,-1.452090263366699219e+00
6.586586586586586911e-01,1.263263263263263436e+00,6.751741170883178711e-01,1.288141965866088867e+00
3.383383383383384846e-01,2.902902902902901872e-01,4.028037786483764648e-01,2.632670402526855469e-01
1.311311311311311290e+00,-1.927927927927927998e+00,3.036833405494689941e-01,-1.512303471565246582e+00
1.155155155155155100e+00,-2.382382382382381980e-01,1.384559035301208496e+00,-3.729390203952789307e-01
-1.555555555555555580e+00,1.307307307307307376e+00,-1.603425979614257812e+00,1.323095440864562988e+00
-1.651651651651651731e+00,1.695695695695695449e+00,-1.651915073394775391e+00,1.686854481697082520e+00
-2.022022022022023080e-01,4.944944944944946741e-01,-1.355561465024948120e-01,4.185026288032531738e-01
-1.207207207207207311e+00,6.306306306306304066e-01,-1.319791197776794434e+00,1.570368409156799316e-01
8.588588588588588202e-01,-1.941941941941942584e-01,9.199718236923217773e-01,-3.254327476024627686e-01
1.803803803803803785e+00,3.023023023023023725e-01,1.836142539978027344e+00,3.098050057888031006e-01
8.588588588588588202e-01,-1.183183183183183163e+00,4.069509506225585938e-01,-1.350594758987426758e+00
1.375375375375375242e+00,-8.148148148148148806e-01,1.380106925964355469e+00,-9.119957089424133301e-01
1.021021021021022435e-01,2.102102102102101355e-01,7.095525413751602173e-02,2.121766805648803711e-01
-8.068068068068068310e-01,1.381381381381379114e-01,-6.759143471717834473e-01,-2.030332237482070923e-01
-3.183183183183182496e-01,-1.279279279279279313e+00,-3.523865640163421631e-01,-1.392506241798400879e+00
1.155155155155155100e+00,-2.382382382382381980e-01,1.308094382286071777e+00,-4.082765877246856689e-01
9.349349349349349581e-01,1.151151151151151186e+00,9.407929778099060059e-01,1.141602158546447754e+00
-7.467467467467467923e-01,8.208208208208223056e-02,-7.159917950630187988e-01,-3.048683106899261475e-01
1.803803803803803785e+00,3.023023023023023725e-01,1.698057889938354492e+00,3.547009825706481934e-01
4.464464464464463767e-01,7.107107107107109023e-01,4.490188956260681152e-01,6.947979331016540527e-01
1.895895895895896022e+00,5.025025025025025016e-01,1.934596776962280273e+00,5.144305825233459473e-01
1.741741741741740235e-01,-1.319319319319319339e+00,-1.697207987308502197e-01,-1.606653213500976562e+00
-2.502502502502501613e-01,-1.603603603603603656e+00,-6.477051377296447754e-01,-1.403175115585327148e+00
-1.471471471471471393e+00,-8.908908908908907964e-01,-1.426351189613342285e+00,-9.839364290237426758e-01
-3.983983983983985233e-01,1.711711711711711548e+00,-4.068653285503387451e-01,1.750121951103210449e+00
1.155155155155155100e+00,-2.382382382382381980e-01,1.371467232704162598e+00,-3.619539141654968262e-01
-9.429429429429430076e-01,1.007007007007007182e+00,-9.694311618804931641e-01,8.974392414093017578e-01
-1.731731731731731783e+00,-2.062062062062062218e-01,-2.045013427734375000e+00,-5.721167922019958496e-01
-9.429429429429430076e-01,1.007007007007007182e+00,-9.207862615585327148e-01,8.571930527687072754e-01
5.005005005005003227e-02,4.104104104104102646e-01,7.921153306961059570e-02,3.983823359012603760e-01
9.949949949949949968e-01,-1.859859859859859910e+00,4.197858273983001709e-01,-1.650270819664001465e+00
-1.419419419419419404e+00,-8.308308308308307577e-01,-1.475412368774414062e+00,-9.387746453285217285e-01
5.225225225225225145e-01,2.202202202202219183e-02,4.797999262809753418e-01,-1.627640873193740845e-01
5.265265265265264283e-01,-1.181181181181181206e-01,5.049893260002136230e-01,-1.585207581520080566e-01
1.839839839839839897e+00,-1.655655655655655645e+00,4.509611129760742188e-01,-1.486897706985473633e+00
-2.502502502502501613e-01,-1.603603603603603656e+00,-2.170870155096054077e-01,-1.302428007125854492e+00
6.586586586586586911e-01,1.263263263263263436e+00,6.554647088050842285e-01,1.280810475349426270e+00
1.587587587587587556e+00,-1.099099099099098975e+00,1.273247480392456055e+00,-1.172494769096374512e+00
1.803803803803803785e+00,3.023023023023023725e-01,2.094879865646362305e+00,2.125560492277145386e-01
1.119119119119118988e+00,5.385385385385386137e-01,1.121120333671569824e+00,5.518792867660522461e-01
1.843843843843843811e+00,4.184184184184185362e-01,1.928625226020812988e+00,3.667602241039276123e-01
1.587587587587587556e+00,-1.099099099099098975e+00,1.117295026779174805e+00,-1.140729069709777832e+00
4.104104104104102646e-01,-1.959959959959959974e+00,-6.628193259239196777e-01,-1.439127206802368164e+00
5.225225225225225145e-01,2.202202202202219183e-02,6.122901439666748047e-01,-1.394711881875991821e-01
1.283283283283283449e+00,1.181181181181178985e-01,1.275967597961425781e+00,7.823077589273452759e-02
-2.002002002001956882e-03,-3.263263263263262992e-01,-1.671058833599090576e-01,-4.055356979370117188e-01
-2.302302302302301484e-01,-1.539539539539539481e+00,-3.417322933673858643e-01,-1.339018583297729492e+00
-1.547547547547547531e+00,-1.151151151151151186e+00,-1.227480292320251465e+00,-1.104872941970825195e+00
8.348348348348348935e-01,2.862862862862862734e-01,8.485707640647888184e-01,2.460769712924957275e-01
-1.307307307307307376e+00,-2.982982982982982367e-01,-1.270918965339660645e+00,-5.239260792732238770e-01
1.475475475475475307e+00,3.583583583583584975e-01,1.398949265480041504e+00,3.708654344081878662e-01
-3.583583583583582755e-01,8.828828828828827469e-01,-3.423815965652465820e-01,8.135228157043457031e-01
5.225225225225225145e-01,2.202202202202219183e-02,5.584164857864379883e-01,-5.294209346175193787e-02
-1.719719719719719819e+00,-7.467467467467467923e-01,-1.480699419975280762e+00,-1.201180577278137207e+00
-7.707707707707707190e-01,1.635635635635635410e+00,-7.543411850929260254e-01,1.636675357818603516e+00
1.803803803803803785e+00,3.023023023023023725e-01,1.855339646339416504e+00,2.436628788709640503e-01
-1.231231231231231238e+00,-1.827827827827827711e+00,-7.401103377342224121e-01,-1.322826862335205078e+00
-6.866866866866867536e-01,-6.206206206206199560e-02,-7.386254668235778809e-01,-6.085757613182067871e-01
-8.908908908908907964e-01,8.428428428428427210e-01,-8.942012786865234375e-01,8.403348326683044434e-01
4.584584584584585620e-01,-8.068068068068068310e-01,2.946702837944030762e-01,-1.031083464622497559e+00
-9.429429429429430076e-01,1.007007007007007182e+00,-9.539164900779724121e-01,9.722729921340942383e-01
-1.223223223223223188e+00,-5.025025025025025016e-01,-1.115186929702758789e+00,-9.237753152847290039e-01
1.043043043043042850e+00,-3.903903903903904737e-01,1.232149362564086914e+00,-5.696431398391723633e-01
-8.628628628628629560e-01,1.359359359359359143e+00,-8.561255335807800293e-01,1.333310127258300781e+00
1.061061061061061572e-01,1.519519519519519690e+00,8.926446735858917236e-02,1.575634002685546875e+00
-1.835835835835835761e+00,6.346346346346347644e-01,-2.078232765197753906e+00,3.067362308502197266e-01
1.283283283283283449e+00,1.181181181181178985e-01,1.387118935585021973e+00,1.588886417448520660e-02
-1.719719719719719819e+00,-7.467467467467467923e-01,-1.359745144844055176e+00,-1.079293966293334961e+00
-1.471471471471471393e+00,-8.908908908908907964e-01,-1.282895803451538086e+00,-1.169429183006286621e+00
-1.207207207207207311e+00,6.306306306306304066e-01,-1.319112300872802734e+00,6.105063557624816895e-01
8.148148148148148806e-01,1.211211211211211225e+00,8.188426494598388672e-01,1.168867111206054688e+00
4.064064064064063508e-01,-1.115115115115115074e+00,4.191935360431671143e-01,-1.294677138328552246e+00
5.265265265265264283e-01,-1.511511511511511419e+00,2.500886023044586182e-01,-1.387605547904968262e+00
1.819819819819819884e+00,-2.262262262262262347e-01,1.898070931434631348e+00,-2.484484761953353882e-01
1.061061061061061572e-01,1.519519519519519690e+00,9.147548675537109375e-02,1.488364458084106445e+00
-1.291291291291291277e+00,9.869869869869871692e-01,-1.295976161956787109e+00,9.155606031417846680e-01
-9.749749749749749839e-01,6.266266266266264928e-01,-1.071316957473754883e+00,4.715333878993988037e-01
4.464464464464463767e-01,1.571571571571571457e+00,4.242257177829742432e-01,1.560457229614257812e+00
1.043043043043042850e+00,-3.903903903903904737e-01,1.019983053207397461e+00,-4.935491383075714111e-01
-1.367367367367367414e+00,3.403403403403393312e-02,-1.519876122474670410e+00,-1.436753720045089722e-01
-1.047047047047047208e+00,5.805805805805785980e-02,-9.405845999717712402e-01,-3.758509159088134766e-01
4.464464464464463767e-01,7.107107107107109023e-01,4.795559644699096680e-01,6.612697839736938477e-01
1.587587587587587556e+00,-1.099099099099098975e+00,1.115916967391967773e+00,-1.295571804046630859e+00
9.189189189189188589e-01,-8.908908908908907964e-01,1.037511467933654785e+00,-1.096659898757934570e+00
-1.203203203203203175e+00,8.988988988988988460e-01,-1.247287869453430176e+00,9.224200844764709473e-01
4.304304304304302775e-01,-1.911911911911911899e+00,-3.413972556591033936e-01,-1.460254073143005371e+00
-1.555555555555555580e+00,1.307307307307307376e+00,-1.690013170242309570e+00,1.271671414375305176e+00
-4.664664664664663896e-01,1.219219219219219053e+00,-4.556043148040771484e-01,1.189520239830017090e+00
1.061061061061061572e-01,1.519519519519519690e+00,6.840867549180984497e-02,1.519568443298339844e+00
8.508508508508509927e-01,-1.621621621621622822e-01,9.122337698936462402e-01,-2.239286750555038452e-01
1.839839839839839897e+00,-1.655655655655655645e+00,2.173264324665069580e-01,-1.462858915328979492e+00
-1.351351351351351315e+00,-1.087087087087087234e+00,-1.171218752861022949e+00,-1.227002024650573730e+00
1.167167167167167285e+00,1.063063063063062863e+00,1.173381805419921875e+00,1.062099933624267578e+00
4.584584584584585620e-01,-1.203203203203203175e+00,2.083967626094818115e-01,-1.378491878509521484e+00
3.543543543543541396e-01,2.542542542542540751e-01,4.521825909614562988e-01,2.251916229724884033e-01
8.588588588588588202e-01,-1.183183183183183163e+00,7.295514941215515137e-01,-1.252347230911254883e+00
-9.809809809809810766e-02,1.599599599599599742e+00,-1.056714430451393127e-01,1.552675008773803711e+00
-1.471471471471471393e+00,-8.908908908908907964e-01,-1.093753814697265625e+00,-1.173408150672912598e+00
-1.291291291291291277e+00,9.869869869869871692e-01,-1.334800601005554199e+00,8.239980936050415039e-01
1.475475475475475307e+00,3.583583583583584975e-01,1.456551671028137207e+00,3.453605771064758301e-01
5.005005005005003227e-02,4.104104104104102646e-01,8.219597488641738892e-02,3.230507075786590576e-01
-1.875875875875875787e+00,1.679679679679679793e+00,-2.114676952362060547e+00,1.578452587127685547e+00
-1.455455455455455516e+00,-1.455455455455455516e+00,-1.170290827751159668e+00,-1.652105927467346191e+00
1.007007007007007182e+00,-2.822822822822823596e-01,1.121980428695678711e+00,-5.439072251319885254e-01
-1.423423423423423539e+00,1.711711711711711548e+00,-1.500302195549011230e+00,1.693984389305114746e+00
1.791791791791791599e+00,9.309309309309310443e-01,1.800341844558715820e+00,8.904207348823547363e-01
-3.263263263263262992e-01,1.199199199199199040e+00,-3.234172463417053223e-01,1.216557502746582031e+00
-9.549549549549549710e-01,-4.104104104104104866e-01,-1.243938326835632324e+00,-8.725059628486633301e-01
3.383383383383384846e-01,2.902902902902901872e-01,3.056807518005371094e-01,1.146467030048370361e-01
1.987987987987987815e+00,-1.203203203203203175e+00,1.211787343025207520e+00,-1.243749737739562988e+00
1.803803803803803785e+00,3.023023023023023725e-01,1.723624110221862793e+00,3.021341860294342041e-01
-1.291291291291291277e+00,9.869869869869871692e-01,-1.501753687858581543e+00,6.417082548141479492e-01
1.935935935935936048e+00,-9.549549549549549710e-01,1.825865030288696289e+00,-1.130677103996276855e+00
-1.719719719719719819e+00,-7.467467467467467923e-01,-1.452625155448913574e+00,-9.509749412536621094e-01
2.102102102102101355e-01,7.347347347347348290e-01,1.598148345947265625e-01,7.445670366287231445e-01
-1.501501501501500968e-01,1.051051051051051122e+00,-1.703206151723861694e-01,9.968898296356201172e-01
-9.309309309309310443e-01,-4.584584584584585620e-01,-8.196908235549926758e-01,-1.089447975158691406e+00
4.104104104104102646e-01,-1.959959959959959974e+00,1.888387650251388550e-01,-1.596743106842041016e+00
-1.835835835835835761e+00,6.346346346346347644e-01,-1.794839501380920410e+00,6.255088448524475098e-01
-8.108108108108107448e-01,1.227227227227227324e+00,-8.331195712089538574e-01,1.188582301139831543e+00
-4.024024024024024371e-01,1.923923923923923862e+00,-3.936898112297058105e-01,1.878175616264343262e+00
-1.501501501501500968e-01,1.051051051051051122e+00,-1.649340391159057617e-01,1.037369608879089355e+00
-6.786786786786787040e-01,7.027027027027026307e-01,-6.330160498619079590e-01,5.978304743766784668e-01
1.283283283283283449e+00,1.181181181181178985e-01,1.308404445648193359e+00,7.224215567111968994e-02
-1.719719719719719819e+00,-7.467467467467467923e-01,-1.590544939041137695e+00,-1.048270583152770996e+00
-3.823823823823824242e-01,-5.345345345345344779e-01,-3.586872518062591553e-01,-9.636929035186767578e-01
4.464464464464463767e-01,7.107107107107109023e-01,5.517796277999877930e-01,6.759475469589233398e-01
-1.719719719719719819e+00,-7.467467467467467923e-01,-1.482621908187866211e+00,-9.713328480720520020e-01
-9.429429429429430076e-01,1.007007007007007182e+00,-9.418355226516723633e-01,9.460863471031188965e-01
-1.307307307307307376e+00,-2.982982982982982367e-01,-1.376380562782287598e+00,-1.042353630065917969e+00
-1.183183183183183163e+00,6.586586586586586911e-01,-1.337686657905578613e+00,3.099187314510345459e-01
-1.871871871871871873e+00,1.723723723723723733e+00,-2.096849918365478516e+00,1.697697758674621582e+00
-1.879879879879879923e+00,-8.788788788788788331e-01,-1.136905431747436523e+00,-1.109501004219055176e+00
-6.746746746746747903e-01,1.247247247247247337e+00,-6.937071681022644043e-01,1.211033940315246582e+00
4.464464464464463767e-01,7.107107107107109023e-01,5.201199650764465332e-01,6.032069325447082520e-01
-1.267267267267267350e+00,-1.543543543543543617e+00,-1.422707676887512207e+00,-1.367394208908081055e+00
9.389389389389388718e-01,1.263263263263263436e+00,9.343804717063903809e-01,1.247028708457946777e+00
8.148148148148148806e-01,1.211211211211211225e+00,8.329093456268310547e-01,1.186070919036865234e+00
8.348348348348348935e-01,2.862862862862862734e-01,8.553941249847412109e-01,1.824195683002471924e-01
1.101101101101100710e-01,-1.123123123123123124e+00,-3.819170296192169189e-01,-1.150836467742919922e+00
8.828828828828827469e-01,-1.699699699699699806e+00,2.194840013980865479e-01,-1.558388113975524902e+00
-1.675675675675675658e+00,-5.005005005005003227e-02,-1.702784776687622070e+00,-8.405647873878479004e-01
-3.183183183183182496e-01,-1.279279279279279313e+00,-4.483660459518432617e-01,-1.279653906822204590e+00
4.224224224224224500e-01,1.563563563563563630e+00,3.989717364311218262e-01,1.557079911231994629e+00
1.751751751751751573e+00,1.221221221221222564e-01,1.903826475143432617e+00,1.261419653892517090e-01
-1.223223223223223188e+00,-5.025025025025025016e-01,-1.203463196754455566e+00,-1.083714962005615234e+00
-1.199199199199199262e+00,-3.503503503503504479e-01,-1.335495352745056152e+00,-8.089359402656555176e-01
-1.019019019019018923e+00,-1.527527527527527518e+00,-1.232221007347106934e+00,-1.447269082069396973e+00
-1.875875875875875787e+00,1.679679679679679793e+00,-1.987496137619018555e+00,1.649781942367553711e+00
8.588588588588588202e-01,-1.183183183183183163e+00,1.042264580726623535e+00,-1.357869148254394531e+00
1.319319319319319117e+00,-1.343343343343343488e+00,8.390549421310424805e-01,-1.316634058952331543e+00
-2.582582582582582109e-01,1.395395395395395255e+00,-2.621909677982330322e-01,1.373149275779724121e+00
-1.883883883883883836e+00,1.439439439439439195e+00,-2.281423330307006836e+00,1.339495182037353516e+00
1.879879879879879923e+00,-1.755755755755755709e+00,1.106271520256996155e-01,-1.463644266128540039e+00
1.791791791791791599e+00,9.309309309309310443e-01,1.905035495758056641e+00,8.983005881309509277e-01
-6.386386386386386782e-01,-7.907907907907907319e-01,-7.969466447830200195e-01,-1.044417500495910645e+00
1.155155155155155100e+00,-2.382382382382381980e-01,1.368906855583190918e+00,-2.890500426292419434e-01
-1.387387387387387427e+00,-1.383383383383383514e+00,-1.117598652839660645e+00,-1.573666334152221680e+00
8.508508508508509927e-01,-1.621621621621622822e-01,8.908515572547912598e-01,-2.364015132188796997e-01
1.431431431431431367e+00,8.228228228228227081e-01,1.462765336036682129e+00,8.476676940917968750e-01
2.742742742742740880e-01,1.243243243243243423e+00,2.652139365673065186e-01,1.299367308616638184e+00
-2.582582582582582109e-01,1.395395395395395255e+00,-2.114607542753219604e-01,1.402170896530151367e+00
-1.975975975975976073e+00,7.947947947947948677e-01,-2.114456653594970703e+00,6.862571835517883301e-01
-2.582582582582582109e-01,1.395395395395395255e+00,-2.132289409637451172e-01,1.338882923126220703e+00
1.843843843843843811e+00,-5.145145145145144649e-01,1.896520495414733887e+00,-5.505931377410888672e-01
9.389389389389388718e-01,1.263263263263263436e+00,9.590721130371093750e-01,1.235372662544250488e+00
-1.455455455455455516e+00,-1.455455455455455516e+00,-1.252089500427246094e+00,-1.299337029457092285e+00
4.224224224224224500e-01,1.563563563563563630e+00,4.181879460811614990e-01,1.502243876457214355e+00
8.348348348348348935e-01,2.862862862862862734e-01,8.467168211936950684e-01,2.459949553012847900e-01
-1.223223223223223188e+00,-5.025025025025025016e-01,-1.381827473640441895e+00,-9.070081114768981934e-01
-3.183183183183182496e-01,-1.279279279279279313e+00,-1.792400032281875610e-01,-1.295764446258544922e+00
-7.987987987987987815e-01,1.979979979979979987e+00,-8.110526800155639648e-01,1.980793833732604980e+00
4.224224224224224500e-01,1.563563563563563630e+00,4.833791255950927734e-01,1.558232426643371582e+00
8.148148148148148806e-01,1.211211211211211225e+00,7.811413407325744629e-01,1.257097363471984863e+00
1.167167167167167285e+00,1.063063063063062863e+00,1.208018541336059570e+00,1.074870109558105469e+00
4.464464464464463767e-01,7.107107107107109023e-01,5.514420866966247559e-01,6.415140628814697266e-01
-1.307307307307307376e+00,-2.982982982982982367e-01,-1.403280735015869141e+00,-8.086089491844177246e-01
-1.731731731731731783e+00,-2.062062062062062218e-01,-1.748766779899597168e+00,-3.845140635967254639e-01
-2.302302302302301484e-01,1.127127127127127260e+00,-2.224685102701187134e-01,1.092764616012573242e+00
-1.307307307307307376e+00,-2.982982982982982367e-01,-1.416509866714477539e+00,-6.916896700859069824e-01
-2.022022022022023080e-01,4.944944944944946741e-01,-1.246733292937278748e-01,3.042992353439331055e-01
-3.583583583583582755e-01,8.828828828828827469e-01,-3.881251811981201172e-01,8.448471426963806152e-01
4.984984984984985878e-01,2.902902902902901872e-01,5.152610540390014648e-01,3.478065133094787598e-01
-7.707707707707707190e-01,1.635635635635635410e+00,-7.618945837020874023e-01,1.615346908569335938e+00
7.407407407407395894e-02,1.703703703703703720e+00,9.067483991384506226e-02,1.718310356140136719e+00
-1.435435435435435281e+00,-1.501501501501500968e-01,-1.532237410545349121e+00,-6.563541889190673828e-01
1.043043043043042850e+00,-3.903903903903904737e-01,1.070846796035766602e+00,-3.982700407505035400e-01
1.501501501501500968e-01,-2.202202202202196979e-02,1.020514592528343201e-01,-2.640136778354644775e-01
4.104104104104102646e-01,-1.959959959959959974e+00,-5.121892094612121582e-01,-1.367387056350708008e+00
-7.227227227227226436e-01,1.059059059059058949e+00,-6.482267975807189941e-01,9.782884120941162109e-01
8.588588588588588202e-01,-1.941941941941942584e-01,9.852271080017089844e-01,-2.491502314805984497e-01
-6.866866866866867536e-01,-6.206206206206199560e-02,-7.493969798088073730e-01,-5.205941796302795410e-01
-1.351351351351351315e+00,-1.087087087087087234e+00,-1.120052218437194824e+00,-1.065649151802062988e+00
1.495495495495495319e+00,2.462462462462462476e-01,1.390887022018432617e+00,2.951979339122772217e-01
5.005005005005003227e-02,4.104104104104102646e-01,4.886310547590255737e-02,3.560295999050140381e-01
-1.199199199199199262e+00,-3.503503503503504479e-01,-1.284295439720153809e+00,-9.722516536712646484e-01
-1.067067067067067221e+00,1.467467467467467479e+00,-1.059301853179931641e+00,1.436196565628051758e+00
4.544544544544546483e-01,2.502502502502501613e-01,4.512773454189300537e-01,1.933941990137100220e-01
-8.068068068068068310e-01,1.381381381381379114e-01,-8.259486556053161621e-01,7.452207803726196289e-02
-6.866866866866867536e-01,-6.206206206206199560e-02,-7.447938919067382812e-01,-4.273754060268402100e-01
8.148148148148148806e-01,1.211211211211211225e+00,8.057532906532287598e-01,1.231606483459472656e+00
-1.459459459459459429e+00,3.703703703703702388e-01,-1.482168555259704590e+00,2.785352766513824463e-01
2.182182182182184071e-01,-9.629629629629630205e-01,3.906899690628051758e-02,-1.154488325119018555e+00
-1.159159159159159014e+00,9.629629629629627985e-01,-1.329927325248718262e+00,2.204416990280151367e-01
1.607607607607607569e+00,5.305305305305303420e-01,1.541025042533874512e+00,5.341926813125610352e-01
-1.367367367367367414e+00,3.403403403403393312e-02,-1.688774704933166504e+00,-3.293977379798889160e-01
-1.879879879879879923e+00,1.415415415415415268e+00,-1.906550168991088867e+00,1.437614202499389648e+00
-1.501501501501500968e-01,1.051051051051051122e+00,-1.390463411808013916e-01,1.030315756797790527e+00
1.935935935935936048e+00,-9.549549549549549710e-01,1.706976771354675293e+00,-9.557865858078002930e-01
1.061061061061061572e-01,1.519519519519519690e+00,1.257444322109222412e-01,1.484321832656860352e+00
-9.749749749749749839e-01,6.266266266266264928e-01,-1.011174678802490234e+00,5.413170456886291504e-01
1.119119119119118988e+00,5.385385385385386137e-01,1.084539294242858887e+00,5.311918258666992188e-01
4.584584584584585620e-01,-1.203203203203203175e+00,1.433360576629638672e-01,-1.307789564132690430e+00
-1.355355355355355229e+00,-1.451451451451451380e+00,-1.457939267158508301e+00,-1.568802595138549805e+00
-3.423423423423423984e-01,1.927927927927927776e+00,-3.231251537799835205e-01,1.844961404800415039e+00
4.464464464464463767e-01,1.571571571571571457e+00,4.572738409042358398e-01,1.547497749328613281e+00
-1.291291291291291277e+00,1.803803803803803785e+00,-1.306204915046691895e+00,1.820736527442932129e+00
-1.243243243243243201e+00,-1.455455455455455516e+00,-1.000824689865112305e+00,-1.280516743659973145e+00
-8.868868868868868827e-01,-1.981981981981981722e-01,-7.873164415359497070e-01,-9.056214690208435059e-01
-1.719719719719719819e+00,-7.467467467467467923e-01,-1.514487743377685547e+00,-9.922011494636535645e-01
-1.379379379379379378e+00,3.463463463463463121e-01,-1.546466827392578125e+00,2.524484395980834961e-01
1.375375375375375242e+00,-8.148148148148148806e-01,1.396537303924560547e+00,-9.278846979141235352e-01
1.007007007007007182e+00,-2.822822822822823596e-01,8.533061146736145020e-01,-2.229463756084442139e-01
5.265265265265264283e-01,-1.181181181181181206e-01,5.210344195365905762e-01,-4.648097455501556396e-01
8.508508508508509927e-01,-1.621621621621622822e-01,1.057695746421813965e+00,-2.693490684032440186e-01
1.101101101101100710e-01,-1.123123123123123124e+00,-4.596367478370666504e-02,-1.295967459678649902e+00
-2.022022022022023080e-01,4.944944944944946741e-01,-1.942801922559738159e-01,3.870823085308074951e-01
-1.199199199199199262e+00,-3.503503503503504479e-01,-1.355301976203918457e+00,-8.257895708084106445e-01
-1.871871871871871873e+00,1.723723723723723733e+00,-1.892478942871093750e+00,1.684884667396545410e+00
-1.435435435435435281e+00,-1.501501501501500968e-01,-1.651464343070983887e+00,-5.016551613807678223e-01
-1.063063063063063085e+00,-1.539539539539539481e+00,-1.049050450325012207e+00,-1.438009500503540039e+00
-1.351351351351351315e+00,-1.087087087087087234e+00,-1.344648361206054688e+00,-1.272127151489257812e+00
8.148148148148148806e-01,1.211211211211211225e+00,7.831997871398925781e-01,1.195793628692626953e+00
-1.387387387387387427e+00,-1.383383383383383514e+00,-1.140530228614807129e+00,-1.174361348152160645e+00
1.935935935935936048e+00,8.428428428428427210e-01,1.958737015724182129e+00,8.614638447761535645e-01
-6.746746746746747903e-01,1.247247247247247337e+00,-6.790325045585632324e-01,1.128787755966186523e+00
1.935935935935936048e+00,8.428428428428427210e-01,1.956538558006286621e+00,8.823659420013427734e-01
5.005005005005003227e-02,4.104104104104102646e-01,1.037935093045234680e-01,3.141249716281890869e-01
9.869869869869871692e-01,-1.811811811811811834e+00,-1.025646645575761795e-02,-1.450857996940612793e+00
1.803803803803803785e+00,3.023023023023023725e-01,1.953716039657592773e+00,3.156550824642181396e-01
4.064064064064063508e-01,-1.923923923923923862e+00,-2.844414710998535156e-01,-1.585900902748107910e+00
-7.707707707707707190e-01,-8.608608608608614432e-02,-8.028416037559509277e-01,-7.468424439430236816e-01
-1.731731731731731783e+00,-2.062062062062062218e-01,-1.632753491401672363e+00,-4.522122740745544434e-01
2.102102102102101355e-01,7.347347347347348290e-01,2.793303728103637695e-01,6.854411363601684570e-01
-1.247247247247247337e+00,-2.462462462462462476e-01,-1.396294236183166504e+00,-6.875545382499694824e-01
-8.068068068068068310e-01,1.381381381381379114e-01,-8.430633544921875000e-01,-2.270678058266639709e-02
-1.083083083083083098e+00,3.103103103103102001e-01,-1.103713750839233398e+00,-7.715310901403427124e-02
1.351351351351351315e+00,-1.867867867867867959e+00,2.202902436256408691e-01,-1.390213727951049805e+00
-1.291291291291291277e+00,9.869869869869871692e-01,-1.274389147758483887e+00,9.808828830718994141e-01
-1.083083083083083098e+00,3.103103103103102001e-01,-1.049433708190917969e+00,2.223605960607528687e-01
5.185185185185186008e-01,4.704704704704703033e-01,5.756354331970214844e-01,4.204508364200592041e-01
3.543543543543541396e-01,2.542542542542540751e-01,4.091367125511169434e-01,2.249573767185211182e-01
-8.068068068068068310e-01,1.381381381381379114e-01,-8.204706907272338867e-01,-2.192867994308471680e-01
-1.875875875875875787e+00,1.679679679679679793e+00,-1.978256940841674805e+00,1.685302019119262695e+00
1.935935935935936048e+00,8.428428428428427210e-01,2.099596023559570312e+00,8.063187003135681152e-01
4.544544544544546483e-01,2.502502502502501613e-01,4.167561233043670654e-01,2.793228626251220703e-01
-8.108108108108107448e-01,1.227227227227227324e+00,-8.530076742172241211e-01,1.202614784240722656e+00
-1.871871871871871873e+00,6.826826826826826178e-01,-2.075355529785156250e+00,6.095263957977294922e-01
1.587587587587587556e+00,-1.099099099099098975e+00,1.138891458511352539e+00,-1.064601659774780273e+00
1.607607607607607569e+00,5.305305305305303420e-01,1.604820370674133301e+00,5.487136840820312500e-01
-1.043043043043043072e+00,3.183183183183184717e-01,-1.014308929443359375e+00,1.710131019353866577e-01
-1.083083083083083098e+00,3.103103103103102001e-01,-1.265373587608337402e+00,-6.414236128330230713e-02
-9.749749749749749839e-01,-1.507507507507507505e+00,-9.618396759033203125e-01,-1.394069433212280273e+00
-1.651651651651651731e+00,1.695695695695695449e+00,-1.638119220733642578e+00,1.652310371398925781e+00
-1.879879879879879923e+00,1.415415415415415268e+00,-2.066630601882934570e+00,1.348813533782958984e+00
4.464464464464463767e-01,7.107107107107109023e-01,4.068441987037658691e-01,6.801360249519348145e-01
-1.243243243243243201e+00,-1.455455455455455516e+00,-1.272636175155639648e+00,-1.394051432609558105e+00
1.935935935935936048e+00,8.428428428428427210e-01,1.941490173339843750e+00,8.475151658058166504e-01
-1.501501501501500968e-01,1.051051051051051122e+00,-1.658011078834533691e-01,9.805393815040588379e-01
1.819819819819819884e+00,-2.262262262262262347e-01,1.890842556953430176e+00,-2.929715216159820557e-01
8.588588588588588202e-01,-1.183183183183183163e+00,7.278021574020385742e-01,-1.351531744003295898e+00
4.104104104104102646e-01,-1.959959959959959974e+00,-6.832446455955505371e-01,-1.534964561462402344e+00
-4.064064064064063508e-01,-4.064064064064063508e-01,-2.809684872627258301e-01,-4.786288440227508545e-01
-9.749749749749749839e-01,6.266266266266264928e-01,-9.032234549522399902e-01,2.814514040946960449e-01
-1.111111111111111160e+00,3.003003003003001936e-02,-1.517232656478881836e+00,-4.101343154907226562e-01
-1.835835835835835761e+00,6.346346346346347644e-01,-1.997419834136962891e+00,4.893885850906372070e-01
-1.063063063063063085e+00,-1.539539539539539481e+00,-9.155540466308593750e-01,-1.246815919876098633e+00
-1.501501501501500968e-01,1.051051051051051122e+00,-1.368381381034851074e-01,1.080815672874450684e+00
1.495495495495495319e+00,2.462462462462462476e-01,1.617442369461059570e+00,1.700890511274337769e-01
-1.455455455455455516e+00,-1.455455455455455516e+00,-1.450032711029052734e+00,-1.475002169609069824e+00
9.949949949949949968e-01,-1.859859859859859910e+00,4.523253440856933594e-01,-1.474638938903808594e+00
4.424424424424424629e-01,-4.064064064064063508e-01,4.559493362903594971e-01,-4.976502656936645508e-01
1.819819819819819884e+00,-2.262262262262262347e-01,1.627522110939025879e+00,-2.726508080959320068e-01
-1.387387387387387427e+00,-1.383383383383383514e+00,-9.923062920570373535e-01,-1.412730813026428223e+00
-1.019019019019018923e+00,-1.527527527527527518e+00,-9.793620705604553223e-01,-1.320779919624328613e+00
1.475475475475475307e+00,3.583583583583584975e-01,1.304341912269592285e+00,3.569835126399993896e-01
-1.291291291291291277e+00,1.803803803803803785e+00,-1.327688694000244141e+00,1.743672132492065430e+00
-2.302302302302301484e-01,1.127127127127127260e+00,-2.408027797937393188e-01,1.164252161979675293e+00
1.343343343343343488e+00,-1.023023023023023059e+00,1.248160481452941895e+00,-1.161463737487792969e+00
1.935935935935936048e+00,8.428428428428427210e-01,1.936413884162902832e+00,8.066691756248474121e-01
3.383383383383384846e-01,2.902902902902901872e-01,3.761442601680755615e-01,2.268539667129516602e-01
-1.455455455455455516e+00,-1.455455455455455516e+00,-1.147936463356018066e+00,-1.344619035720825195e+00
7.407407407407395894e-02,1.703703703703703720e+00,9.588848054409027100e-02,1.703375816345214844e+00
-6.786786786786787040e-01,7.027027027027026307e-01,-7.215118408203125000e-01,6.468287706375122070e-01
6.506506506506504195e-01,4.204204204204220474e-02,7.080971002578735352e-01,-3.049057535827159882e-02
4.104104104104102646e-01,-1.959959959959959974e+00,-5.020116567611694336e-01,-1.562831759452819824e+00
-1.207207207207207311e+00,6.306306306306304066e-01,-1.213852882385253906e+00,4.832629561424255371e-01
-1.875875875875875787e+00,1.679679679679679793e+00,-1.831638336181640625e+00,1.649647474288940430e+00
8.028028028028026952e-01,-1.259259259259259300e+00,5.872088074684143066e-01,-1.527369976043701172e+00
5.265265265265264283e-01,-1.181181181181181206e-01,5.320827364921569824e-01,-3.600308001041412354e-01
4.664664664664663896e-01,-1.501501501501500968e-01,4.930529296398162842e-01,-1.574766188859939575e-01
-8.228228228228229302e-01,-8.908908908908907964e-01,-8.461017608642578125e-01,-1.227709889411926270e+00
9.229229229229227727e-01,-4.504504504504505125e-01,9.849038124084472656e-01,-6.501079797744750977e-01
-1.875875875875875787e+00,1.679679679679679793e+00,-2.083402872085571289e+00,1.654408574104309082e+00
-1.975975975975976073e+00,7.947947947947948677e-01,-2.162620067596435547e+00,7.468197941780090332e-01
-1.247247247247247337e+00,-2.462462462462462476e-01,-1.361816644668579102e+00,-8.303360939025878906e-01
-3.503503503503504479e-01,1.163163163163162928e+00,-3.617389202117919922e-01,1.211375832557678223e+00
1.607607607607607569e+00,5.305305305305303420e-01,1.635503053665161133e+00,5.546085834503173828e-01
-6.786786786786787040e-01,7.027027027027026307e-01,-7.002407908439636230e-01,7.019456624984741211e-01
1.283283283283283449e+00,1.181181181181178985e-01,1.275205850601196289e+00,5.311190709471702576e-02
-1.223223223223223188e+00,-5.025025025025025016e-01,-1.234493255615234375e+00,-1.117580771446228027e+00
-7.707707707707707190e-01,1.635635635635635410e+00,-7.820678949356079102e-01,1.582624554634094238e+00
1.231231231231231238e+00,-5.065065065065064154e-01,1.468112230300903320e+00,-6.745370626449584961e-01
-1.367367367367367414e+00,3.403403403403393312e-02,-1.432988882064819336e+00,-1.970057189464569092e-01
9.949949949949949968e-01,-1.859859859859859910e+00,-3.688276112079620361e-01,-1.419346809387207031e+00
1.791791791791791599e+00,9.309309309309310443e-01,1.796719670295715332e+00,9.392058253288269043e-01
-8.628628628628629560e-01,1.359359359359359143e+00,-8.448383808135986328e-01,1.310716271400451660e+00
1.167167167167167285e+00,1.063063063063062863e+00,1.200935721397399902e+00,1.050191760063171387e+00
-1.423423423423423539e+00,1.711711711711711548e+00,-1.374244570732116699e+00,1.693458318710327148e+00
4.064064064064063508e-01,-1.923923923923923862e+00,-3.486241996288299561e-01,-1.616955399513244629e+00
-1.555555555555555580e+00,1.307307307307307376e+00,-1.764946341514587402e+00,1.234815239906311035e+00
1.351351351351351315e+00,-1.867867867867867959e+00,2.033696025609970093e-01,-1.676448225975036621e+00
-1.907907907907907985e+00,9.409409409409397185e-02,-1.545593380928039551e+00,-6.048089861869812012e-01
-8.108108108108107448e-01,1.227227227227227324e+00,-8.039073348045349121e-01,1.098908543586730957e+00
4.664664664664663896e-01,-1.501501501501500968e-01,3.637558221817016602e-01,-1.075477823615074158e-01
1.935935935935936048e+00,-9.549549549549549710e-01,1.351365089416503906e+00,-1.122633934020996094e+00
-1.199199199199199262e+00,-3.503503503503504479e-01,-1.162284970283508301e+00,-8.959801197052001953e-01
1.547547547547547531e+00,-1.719719719719719819e+00,2.332066185772418976e-02,-1.501362800598144531e+00
-5.945945945945945166e-01,-4.424424424424424629e-01,-6.230456233024597168e-01,-7.521646618843078613e-01
1.501501501501500968e-01,-2.202202202202196979e-02,3.083516359329223633e-01,-3.043483197689056396e-01
-1.401401401401392022e-02,1.901901901901901226e-01,8.981406688690185547e-02,8.313884586095809937e-02
-1.455455455455455516e+00,-1.455455455455455516e+00,-9.811185002326965332e-01,-1.362542271614074707e+00
8.588588588588588202e-01,-1.183183183183183163e+00,7.381566166877746582e-01,-1.147962808609008789e+00
6.506506506506504195e-01,4.204204204204220474e-02,6.561080813407897949e-01,8.388245105743408203e-02
-2.142142142142142713e-01,-2.702702702702701743e-01,-1.938590705394744873e-01,-1.778818666934967041e-01
1.351351351351351315e+00,-1.867867867867867959e+00,4.983755759894847870e-03,-1.467110753059387207e+00
-1.355355355355355229e+00,-1.451451451451451380e+00,-9.523597359657287598e-01,-1.432235360145568848e+00
1.839839839839839897e+00,-1.655655655655655645e+00,7.713931798934936523e-01,-1.540166020393371582e+00
8.588588588588588202e-01,-1.183183183183183163e+00,6.372057199478149414e-01,-1.211923122406005859e+00
4.424424424424424629e-01,-4.064064064064063508e-01,4.751644432544708252e-01,-4.116554558277130127e-01
1.231231231231231238e+00,-5.065065065065064154e-01,1.198774337768554688e+00,-5.962687730789184570e-01
1.879879879879879923e+00,-1.755755755755755709e+00,1.215296462178230286e-01,-1.576663494110107422e+00
-1.435435435435435281e+00,-1.501501501501500968e-01,-1.524512290954589844e+00,-5.222453474998474121e-01
1.119119119119118988e+00,5.385385385385386137e-01,1.086262822151184082e+00,5.655959248542785645e-01
-2.022022022022023080e-01,4.944944944944946741e-01,-1.336379349231719971e-01,3.638127744197845459e-01
1.819819819819819884e+00,-2.262262262262262347e-01,2.150269985198974609e+00,-2.589467167854309082e-01
4.064064064064063508e-01,-1.115115115115115074e+00,1.648173630237579346e-01,-1.246770739555358887e+00
-1.243243243243243201e+00,-1.455455455455455516e+00,-1.140412688255310059e+00,-1.247824668884277344e+00
-1.435435435435435281e+00,-1.501501501501500968e-01,-1.519065380096435547e+00,-1.896350234746932983e-01
-1.047047047047047208e+00,5.805805805805785980e-02,-1.074732422828674316e+00,-2.467977702617645264e-01
-1.651651651651651731e+00,1.695695695695695449e+00,-1.621029376983642578e+00,1.697189688682556152e+00
-2.302302302302301484e-01,-1.811811811811811834e+00,-7.250827550888061523e-01,-1.561052441596984863e+00
-8.228228228228229302e-01,-8.908908908908907964e-01,-8.817346692085266113e-01,-1.340924620628356934e+00
-1.043043043043043072e+00,3.183183183183184717e-01,-1.065589070320129395e+00,1.352138966321945190e-01
-7.987987987987987815e-01,1.979979979979979987e+00,-7.895160317420959473e-01,1.973430633544921875e+00
-1.775775775775775722e+00,-4.424424424424424629e-01,-1.496612787246704102e+00,-8.193420171737670898e-01
1.199199199199199040e+00,-5.345345345345344779e-01,1.466645479202270508e+00,-6.293963193893432617e-01
-5.945945945945945166e-01,-4.424424424424424629e-01,-5.164965987205505371e-01,-7.364457249641418457e-01
-1.351351351351351315e+00,-1.087087087087087234e+00,-1.719601631164550781e+00,-7.714992165565490723e-01
-6.866866866866867536e-01,-6.206206206206199560e-02,-7.371141910552978516e-01,-4.873281121253967285e-01
-9.429429429429430076e-01,1.007007007007007182e+00,-9.287678599357604980e-01,9.705722928047180176e-01
9.469469469469471434e-01,8.588588588588588202e-01,9.470094442367553711e-01,8.127003312110900879e-01
-1.355355355355355229e+00,-1.451451451451451380e+00,-1.180225729942321777e+00,-1.342929482460021973e+00
1.343343343343343488e+00,-1.023023023023023059e+00,1.141162514686584473e+00,-1.049633502960205078e+00
-1.875875875875875787e+00,1.679679679679679793e+00,-2.177320241928100586e+00,1.650274038314819336e+00
-2.022022022022023080e-01,4.944944944944946741e-01,-1.939315497875213623e-01,4.806410670280456543e-01
-9.429429429429430076e-01,1.007007007007007182e+00,-9.219636321067810059e-01,9.583152532577514648e-01
-4.024024024024024371e-01,1.923923923923923862e+00,-3.917111158370971680e-01,1.933953642845153809e+00
4.304304304304302775e-01,-1.911911911911911899e+00,-3.332274556159973145e-01,-2.035524606704711914e+00
1.607607607607607569e+00,5.305305305305303420e-01,1.630949735641479492e+00,5.107159018516540527e-01
-8.628628628628629560e-01,1.359359359359359143e+00,-8.608503937721252441e-01,1.076120257377624512e+00
-1.247247247247247337e+00,-2.462462462462462476e-01,-1.370027542114257812e+00,-8.439292311668395996e-01
4.224224224224224500e-01,1.563563563563563630e+00,4.168263077735900879e-01,1.586519956588745117e+00
-1.879879879879879923e+00,-8.788788788788788331e-01,-1.373326659202575684e+00,-1.022615075111389160e+00
-1.199199199199199262e+00,-3.503503503503504479e-01,-1.307978630065917969e+00,-7.274060845375061035e-01
-1.987987987987988037e+00,6.106106106106103937e-01,-1.982839226722717285e+00,4.955318570137023926e-01
-4.064064064064063508e-01,-4.064064064064063508e-01,-3.205283582210540771e-01,-6.649453043937683105e-01
-7.307307307307306932e-01,-1.235235235235235152e+00,-1.061918497085571289e+00,-1.275201797485351562e+00
-1.511511511511511419e+00,-2.602602602602610560e-02,-1.703234195709228516e+00,-6.983183324337005615e-02
-2.142142142142142713e-01,-2.702702702702701743e-01,-9.560232609510421753e-02,-5.798292160034179688e-01
2.182182182182184071e-01,-9.629629629629630205e-01,1.507387608289718628e-01,-8.801320195198059082e-01
-7.707707707707707190e-01,-8.608608608608614432e-02,-7.930999398231506348e-01,-5.356928706169128418e-01
-1.199199199199199262e+00,-3.503503503503504479e-01,-1.300216317176818848e+00,-8.877842426300048828e-01
-1.879879879879879923e+00,-8.788788788788788331e-01,-1.539448738098144531e+00,-9.778224229812622070e-01
-7.307307307307306932e-01,-1.235235235235235152e+00,-6.214386820793151855e-01,-1.209474325180053711e+00
8.588588588588588202e-01,-1.941941941941942584e-01,9.346349835395812988e-01,-2.497233152389526367e-01
-5.945945945945945166e-01,-4.424424424424424629e-01,-4.828869104385375977e-01,-9.831699728965759277e-01
1.283283283283283449e+00,1.181181181181178985e-01,1.213193416595458984e+00,1.723222732543945312e-01
-1.263263263263263214e+00,-1.619619619619619755e+00,-1.063929319381713867e+00,-1.351061820983886719e+00
9.229229229229227727e-01,-4.504504504504505125e-01,7.991949319839477539e-01,-4.421257078647613525e-01
4.064064064064063508e-01,-1.115115115115115074e+00,1.815814971923828125e-01,-1.194961071014404297e+00
-1.303303303303303462e+00,-1.155155155155155100e+00,-1.091917753219604492e+00,-1.396035909652709961e+00
-8.348348348348348935e-01,-6.606606606606613141e-02,-7.416343092918395996e-01,-2.208983600139617920e-01
1.879879879879879923e+00,-1.755755755755755709e+00,1.806379109621047974e-01,-1.505625247955322266e+00
2.002002002002178926e-03,-1.141141141141142068e-01,2.834085226058959961e-01,-5.574840307235717773e-01
-3.423423423423423984e-01,1.927927927927927776e+00,-3.667867183685302734e-01,1.920715928077697754e+00
-1.871871871871871873e+00,6.826826826826826178e-01,-1.971549749374389648e+00,5.550098419189453125e-01
1.079079079079078962e+00,-1.203203203203203175e+00,7.387470006942749023e-01,-1.124593019485473633e+00
-8.388388388388388073e-01,1.591591591591591470e+00,-8.410522937774658203e-01,1.584220409393310547e+00
-3.263263263263262992e-01,1.199199199199199040e+00,-3.095761239528656006e-01,1.098377227783203125e+00
4.104104104104102646e-01,-1.959959959959959974e+00,-5.631038546562194824e-01,-1.388772010803222656e+00
-1.047047047047047208e+00,5.805805805805785980e-02,-1.215467691421508789e+00,-2.863048017024993896e-01
-9.429429429429430076e-01,1.007007007007007182e+00,-9.655963778495788574e-01,1.013602852821350098e+00
9.349349349349349581e-01,1.151151151151151186e+00,9.044696092605590820e-01,1.180067181587219238e+00
-1.875875875875875787e+00,-6.466466466466467278e-01,-1.423775315284729004e+00,-7.995998263359069824e-01
-1.419419419419419404e+00,-8.308308308308307577e-01,-1.401180148124694824e+00,-1.149874329566955566e+00
2.102102102102101355e-01,7.347347347347348290e-01,1.900222599506378174e-01,7.833564281463623047e-01
-9.749749749749749839e-01,-1.507507507507507505e+00,-9.110383987426757812e-01,-1.268826842308044434e+00
8.588588588588588202e-01,-1.183183183183183163e+00,6.217614412307739258e-01,-1.391787648200988770e+00
1.155155155155155100e+00,-2.382382382382381980e-01,1.205062866210937500e+00,-3.679620921611785889e-01
-1.511511511511511419e+00,-2.602602602602610560e-02,-1.425717353820800781e+00,-4.729866385459899902e-01
-1.183183183183183163e+00,6.586586586586586911e-01,-1.284393548965454102e+00,4.077695608139038086e-01
-1.907907907907907985e+00,9.409409409409397185e-02,-1.856943607330322266e+00,-2.835744917392730713e-01
-7.987987987987987815e-01,1.979979979979979987e+00,-8.191601037979125977e-01,2.001654386520385742e+00
-7.467467467467467923e-01,8.208208208208223056e-02,-7.057946324348449707e-01,-4.792193472385406494e-01
-1.883883883883883836e+00,1.439439439439439195e+00,-1.975331187248229980e+00,1.423306822776794434e+00
1.843843843843843811e+00,4.184184184184185362e-01,2.077671289443969727e+00,4.060691595077514648e-01
-1.323323323323323475e+00,-3.263263263263262992e-01,-1.416224122047424316e+00,-8.915557265281677246e-01
-7.467467467467467923e-01,8.208208208208223056e-02,-8.746694326400756836e-01,-3.172845542430877686e-01
-1.063063063063063085e+00,-1.539539539539539481e+00,-1.150799393653869629e+00,-1.459809660911560059e+00
-1.231231231231231238e+00,-1.827827827827827711e+00,-1.169045448303222656e+00,-1.360981225967407227e+00
-1.019019019019018923e+00,-1.527527527527527518e+00,-9.095991849899291992e-01,-1.392910718917846680e+00
4.464464464464463767e-01,7.107107107107109023e-01,4.663626849651336670e-01,7.110360860824584961e-01
-1.043043043043043072e+00,3.183183183183184717e-01,-9.598330855369567871e-01,1.484959125518798828e-01
1.343343343343343488e+00,-1.023023023023023059e+00,1.278524994850158691e+00,-1.195327520370483398e+00
4.304304304304302775e-01,-1.911911911911911899e+00,-2.360044568777084351e-01,-1.509861946105957031e+00
-1.455455455455455516e+00,-1.455455455455455516e+00,-1.127000570297241211e+00,-1.461924076080322266e+00
5.185185185185186008e-01,4.704704704704703033e-01,4.940104186534881592e-01,5.121154189109802246e-01
4.304304304304302775e-01,-1.911911911911911899e+00,-7.299453020095825195e-01,-1.515957355499267578e+00
2.942942942942941009e-01,1.387387387387387427e+00,3.195509910583496094e-01,1.333110809326171875e+00
-1.351351351351351315e+00,-1.087087087087087234e+00,-1.464772462844848633e+00,-1.309755563735961914e+00
4.304304304304302775e-01,-1.911911911911911899e+00,-4.333423376083374023e-01,-1.689688563346862793e+00
-1.291291291291291277e+00,9.869869869869871692e-01,-1.403724312782287598e+00,8.960586190223693848e-01
8.828828828828827469e-01,-1.699699699699699806e+00,-1.934217065572738647e-01,-1.228536486625671387e+00
-2.302302302302301484e-01,-1.539539539539539481e+00,-6.243997812271118164e-01,-1.417778849601745605e+00
